#id,WR#,Reference,Name,Name 2,Name 3,Right Ascension J2000,Declination J2000,Galactic Longitude (deg),Galactic Latitude (deg),Spectral Type,Spectral Type Reference,Binary Status,Binary Status Reference,u,b,v,r,U,B,V,R,I,J,H,K,Cluster,Association,Distance (kpc),Distance Reference
1,1,VII,HD 4004,HIP 3415,,00 43 28.40,+64 45 35.40,122.08,1.9,WN4b,SSM96,SB1?,"La83, MS86, MMH98, MG99, Ni00",11.2,11.02,10.51,10.15,10.36,10.74,10.1,,,8.206,7.857,7.48,,Cas OB7:,,
2,2,VII,HD 6327,HIP 5100,,01 05 23.03,+60 25 18.90,124.65,-2.41,WN2b,SSM96,VB,"Hip97, MMH98",11.62,11.46,11.33,11.17,11.04,10.35,10.99,,,10.036,9.783,9.445,,Cas OB1:,,
3,3,VII,HD 9974,HIP 7681,,01 38 55.63,+58 09 22.70,129.18,-4.14,WN3ha,MMC04,SB2,"MLS86,MS86,SH89,SM89,SS96",10.54,10.64,10.7,10.73,9.85,10.62,10.61,,,10.237,10.134,10.009,,,,
4,4,VII,,HIP 12527,HD 16523,02 41 11.68,+56 43 49.70,137.59,-2.98,WC5+?,VI,"SB1, no d.e.l.","MS86,CM89,RC89,SS90,VII",10.73,10.73,10.53,10.53,10.03,10.3,9.8,,,8.749,8.566,7.877,,,,
5,5,VII,,HIP 13380,HD 17638,02 52 11.66,+56 56 07.10,138.87,-2.15,WC6,VI,,,11.68,11.49,11.02,10.76,10.97,10.85,10.37,,,8.626,8.336,7.653,,,,
6,6,VII,EZ CMa,HD 50896,HIP 33165,06 54 13.05,-23 55 42.10,234.76,-10.08,WN4b,SSM96,SB1?,"FK80,DH96,MM98,MMH98,GK99,NG99a",,6.87,6.94,6.98,5.64,6.6,6.87,,,6.353,6.226,5.893,Cr 121?,,0.9,LS84
7,7,VII,HD 56925,HIP 35378,,07 18 29.13,-13 13 01.50,227.75,-0.13,WN4b,SSM96,,MMH98,12.21,12.11,11.75,11.51,11.21,11.68,11.4,,,9.97,9.674,9.271,,,,
8,7a,VII,PMLC 1,GSC 6537-0281,,07 20 22.38,-23 43 57.60,237.27,-4.64,WN4/C,PM98,,,,,,,,,13.9,,,Nan,Nan,Nan,,,,
9,8,VII,HD 62910,HIP 37791,,07 44 58.22,-31 54 29.60,247.07,-3.79,WN7o/CE,SSM96,SB1,"Ni91,MMH98",10.99,10.95,10.48,10.27,10.08,10.69,10.16,,,8.57,8.322,7.928,,Anon.Pup a:,,
10,9,VII,IC 2206,HIP 37876,HD 63099,07 45 50.40,-34 19 48.50,249.27,-4.84,WC5+O7,HH88,SB2,"NM84,SM89,Ni95,LM96",12.05,11.67,10.93,10.6,11.47,11.42,10.49,,,8.452,8.11,7.545,HD 63077 group?,Anon.Pup b?,5.5,LS84
11,10,VII,HD 65865,HIP 39086,,07 59 46.25,-28 44 03.10,245.98,0.58,WN5h; WN5ha (+A2V),SSM96; NG99a,VB,"Ni81,Tu81,Hip97,HH88,NG99a",11.47,11.3,11.08,10.99,10.62,11.22,10.93,,,10.053,9.887,9.61,Ru 44:,Pup OB2,4.7,Tu81
12,11,VII,gamma Vel,HIP 39953,gamma Vel,08 09 31.96,-47 20 11.80,262.8,-7.69,WC8+O7.5III-V,DS99,"SB2, VB","SSS97,DS99,NG99a,SSK99,TC99,DS00",,1.42,1.74,,0.64,1.58,1.83,,,2.15,2.25,2.1,Hipparcos parallax,,0.342,vL07
13,12,VII,Ve5-5,GSC 8151-4295,MR 13,08 44 47.25,-45 58 55.50,265.2,-1.97,WN8h,SSM96,"SB1, no d.e.l.","Ni82,CM89,SM89,LM96,RVG96,VII",11.63,11.41,10.99,10.61,10.95,11.34,10.78,,,8.616,8.26,7.869,,Bo 7?,5.8,LS84
14,13,VII,Ve6-15,GSC 8152-2075,Ve 6-15,08 49 52.88,-45 10 24.10,265.13,-0.77,WC6,VI,,,15.1,14.6,13.78,13.28,,,,11.9,,10.135,9.635,8.864,,,,
15,14,VII,Ve5-8,HIP 43778,HD 76536,08 54 59.17,-47 35 32.70,267.55,-1.64,WC7+?,"SS90,Sh90","SB1, no d.e.l.","CM89,Sh90,SS90,NG99a,VII",9.67,9.54,9.4,9.42,8.96,9.44,8.92,,,7.486,7.245,6.612,,Anon.Vel a:,,
16,15,VII,Ve5-10,HIP 45237,HD 79573,09 13 11.77,-50 06 25.60,271.42,-1.08,WC6,VI,,,12.9,12.44,11.72,11.08,12.3,11.8,10.69,,,7.846,7.338,6.596,,Anon.Vel b?,,
17,16,VII,HD 86161,HIP 48617,,09 54 52.91,-57 43 38.30,281.08,-2.55,WN8h,SSM96,,"MN82,BE89,GH89,GVM90,AB95,MMH98,NG99a",8.76,8.74,8.44,8.25,7.94,8.63,8.32,,,6.968,6.714,6.38,,,,
18,17,VII,,HIP 49838,HD 88500,10 10 31.92,-60 38 42.40,284.44,-3.69,WC5,VI,,,10.97,11.17,11.03,11.14,,10.87,10.63,,,9.926,9.736,9.167,,,,
19,17-1,SM09,SMG09 668-4,,2MASS J10162622-5728057,10 16 26.22,-57 28 05.70,283.26,-0.64,WN5b,"SMG09, RC15",,,,,,,,,,17.46,,11.73,10.38,9.53,,,,
20,18,VII,HD 89358,HIP 50368,,10 17 02.28,-57 54 46.90,283.57,-0.97,WN4b,SSM96,,MMH98,11.91,11.66,11.11,10.72,11.1,11.26,10.75,,,8.566,8.205,7.676,,Car OB1?,,
21,19,VII,LS 3,,,10 18 05.02,-58 16 25.90,283.89,-1.19,WC4; WC5; WC4pd+O9.6,SS90; CDB98; WH96,CWB,VH98,15.46,14.81,13.75,13.03,,,,,,9.751,9.134,8.53,,,,
22,19a,VII,SMSP 1,,SMSP 1,10 18 53.40,-58 07 53.00,283.9,-1.01,WN7:(h),SMS99,,,,19.16,17.45,,,16.8,,13.4,,9.075,8.132,7.499,,,,
23,20,VII,BS 1,,,10 19 18.50,-59 09 37.00,284.51,-1.84,WN5o,SSM96,,,15.75,15.33,14.45,13.87,,,,13.2,,11,10.432,9.927,,,,
24,20-2,RBM11,SS215,WR20aa,,10 23 23.49,-58 00 20.80,284.33,-0.58,O2If*/WN6,RBM11,,,,,,,,12.74,12.64,,,9.28,8.73,8.4,,,,
584,20-1,MDM11,MDM 1,,,10 23 28.80,-57 46 29.4,284.22,-0.38,WN7-8,MDM11,,,,,,,,,,,,10.6,9.2,8.34,,,,
25,20a,VII,SMSP 2,,SMSP 2,10 23 58.00,-57 45 49.00,284.27,-0.34,WN7:h/C; O3If*/WN6+O3If*/WN6,SMS99; CW11,,,,15.52,14.14,,15.26,15,13.47,12.6,,8.858,8.083,7.588,Westerlund 2,,8,RSN11
26,20b,VII,SMSP 3,,SMSP 3,10 24 18.40,-57 48 30.00,284.33,-0.35,WN6ha,RSN11,,,,17.09,15.4,,,15.1,,12,,8.653,7.797,7.18,Westerlund 2,,8,RSN11
27,20-3,RBM11,WR20c,,,10 25 02.60,-57 21 47.30,284.18,-0.08,O2If*/WN6,RBM11,,,,,,,,18.03,17.26,,,10.51,9.57,9.04,,,,
29,21a,VII,1E 1024.0-5732,GSC 8608-0157,THA 35-II-42,10 25 56.49,-57 48 44.40,284.52,-0.24,O2If/WN5,MSA16,d.e.l.,"McB94,Re99",,,12.8,,,13,,11.6,,8.808,8.2,7.833,,,,
28,21,VII,HD 90657,HIP 51109,,10 26 31.42,-58 38 26.20,285.02,-0.9,WN5o+O4-6,SSM96,SB2,"NM82,SM89,LM96,MMH98,GN99,NG99a",10.15,10.03,9.76,9.58,9.53,10.16,9.71,,,8.414,8.217,8.033,,,,
30,22,VII,HD 92740,HIP 52308,HR 4188,10 41 17.52,-59 40 36.90,287.17,-0.85,WN7ha; WN7h+O9III-V,"SSM96; SS99,RV96",SB2,"CN79,SM89,GR91,RV96,MMH98,NG99a,SSS99",7.18,7.24,7.16,7.14,5.69,6.48,6.39,,,5.705,5.578,5.389,,Car OB1,2.3,Smi06
31,23,VII,,HIP 52331,HD 92809,10 41 38.33,-58 46 18.80,286.78,-0.03,WC6,VI,,NG99a,9.62,9.62,9.67,9.72,9.02,9.51,9.11,,,7.889,7.602,7.055,Bo10,Car OB1:,2.1,LS84
32,24,VII,HD 93131,HIP 52488,,10 43 52.27,-60 07 04.00,287.67,-1.08,WN6ha,SSM96,,"CN79,NG99a",,7.16,7.2,7.28,5.52,6.46,6.48,,,6.097,6.012,5.816,Collinder 228,Car OB1,2.3,Smi06
33,25,VII,HD 93162,PPM 339385,,10 44 10.39,-59 43 11.00,287.51,-0.71,O2.5If*/WN6+O,CW11; GGM06,SB1,GGM06,9.14,9.01,8.84,8.57,7.9,8.51,8.07,,,6.26,5.97,5.721,Trumpler 16,Car OB1,2.3,Smi06
34,26,VII,MS 1,,,10 44 32.08,-57 50 23.70,286.68,0.97,WN7b/CE,SSM96,,,15.85,15.53,14.61,13.91,,,,12.7,,10.838,10.272,9.675,,,,
35,27,VII,Ls 4,,Ls 4,10 44 38.07,-58 48 28.90,287.14,0.12,WC6+a,"VI,SS90","a, no d.e.l.","CM89,SS90,VII",,16.25,14.96,14.31,,,,14,,9.88,9.171,8.295,,,,
36,28,VII,MS 2,GSC 8626-1709,,10 48 58.68,-59 03 37.50,287.75,0.15,WN6(h)+OB?,SSM96,d.e.l.,"CM89,VII",14.27,13.77,13,12.35,,,,,,9.711,9.161,8.733,,,,
37,29,VII,MS 3,GSC 8957-2405,,10 50 46.30,-60 28 41.60,288.59,-1.01,WN7h+abs; WN7h+O,SSM96; NG99b,SB2,"NG99a,NG99b",13.74,13.3,12.65,12.17,,,,,,9.909,9.457,9.123,,,,
38,30,VII,,TYC 8961 618 1,HD 94305,10 51 06.01,-62 17 01.80,289.44,-2.61,WC6+O6-8,NM83,SB2,"NM83,SM89,Ni95,LM96",,12,11.73,,,,,,,10.055,9.763,9.21,,,,
39,30a,VII,MS 4,,MS 4,10 51 38.93,-60 56 35.20,288.9,-1.38,WO4+O5-5.5,"CDB98,GR00",SB2,"Ni95,GR99,GR00",,14.12,13.33,12.77,,,12.73,,,Nan,Nan,Nan,,,,
40,31,VII,HD 94546,HIP 53274,,10 53 44.83,-59 30 46.70,288.5,0.02,WN4o+O8V,SSM96,"SB2, VB","NM85,LM87,SM89,LM96,Hip97,GN99",,10.97,10.69,,10.38,10.95,10.56,,,9.172,8.962,8.688,,,,
41,31a,VII,He3-519,,He3-519,10 53 59.66,-60 26 44.30,288.94,-0.81,WN11h,SC94,,,,,,,,11.64,10.85,,,7.323,6.719,6.097,He 3-519,,8,SC94
42,31b,VII,,HIP 53461,AG Car,10 56 11.58,-60 27 12.80,289.18,-0.7,WN11h,SC94,VB,HL93,,,,,7,7.74,7.21,,,5.42,5.084,4.531,AG Car,,6,SC94
43,31c,VII,SMSP 4,,SMSP 4,10 57 43.00,-60 34 01.00,289.4,-0.72,WC6,"SM91,SMS99","a, d.e.l.","CM89,SS90,VII",,17.33,16.37,,,,,,,11.04,10.343,9.489,,,,
728,31-1,MSA16,THA 35-II-153,,,10 59 00.80,-60 08 50.24,289.79,-1.18,O3.5If/WN7,MSA16,,,,,,,,,13.3,,,9.47,8.97,8.65,,,,
44,32,VII,MS 5,,MS 5,10 59 52.94,-59 52 43.20,289.36,0.02,WC5+OB?,VI,d.e.l.,"CM89,SS90,VII",,17.19,15.9,15.06,,,,,,11.717,11.042,10.229,,,,
45,33,VII,HD 95435,GSC 8623-0928,,11 00 00.72,-57 48 59.50,288.51,1.9,WC5; WC6,SS90; CDB98,,,12.43,12.51,12.35,12.48,,,,,,10.62,10.348,9.693,,,,
46,34,VII,Ls 5,,,11 00 06.44,-61 26 29.90,290.03,-1.39,WN5o,SSM96,,,,15.26,14.5,,,,,,,11.204,10.586,10.036,,,,
47,35,VII,MS 6,,MS 6,11 00 22.10,-61 13 51.00,289.97,-1.19,WN6h+OB?,SSM96,d.e.l.,"CM89,VII",14.72,14.49,13.9,13.37,,,,,,Nan,Nan,Nan,,,,
48,35a,VII,SMSP 5,,SMSP 5,11 00 24.50,-59 59 36.00,289.46,-0.06,WN6h+O8.5V,SMS99; GCB14,SB2,GCB14,,14.78,13.92,,,,,,,10.467,9.975,9.649,,,,
49,35b,VII,SMSP 6,,SMSP 6,11 01 02.30,-60 14 01.00,289.63,-0.24,WN4b,SMS99,,,,15.76,14.49,,,,,,,10.949,10.351,9.757,Sher 1,,,
50,36,VII,Ls 6,GSC 8627-1968,,11 02 32.87,-59 26 21.50,289.48,0.56,WN5-6b+OB?,SSM96,d.e.l.,"CM89,VII",14.76,14.38,13.7,13.17,,,,,,Nan,Nan,Nan,,,,
51,37,VII,MS 7,,,11 05 13.92,-61 20 41.40,290.55,-1.05,WN4b,SSM96,,,17.77,17,15.77,14.86,,,,14.9,,11.027,10.339,9.672,,,,
52,38,VII,MS 8,,MS 8,11 05 46.52,-61 13 49.10,290.57,-0.92,WC4,VI,,,16.83,16.33,15.4,14.73,,,14.66,,,11.991,11.497,10.793,C1104-610a,,10,WG05
53,38a,VII,SMSP 7,,2 MASS J11054896-6113413,11 05 49.00,-61 13 41.00,290.57,-0.92,WN5o,SMS99,,,,17.04,16.21,,16.33,16.27,15.12,,,11.533,11.213,10.705,C1104-610a,,10,WG05
56,40,VII,HD 96548,HIP 54283,,11 06 17.21,-65 30 35.20,292.31,-4.83,WN8h,SSM96,,"DS87,GV90,MM94,AB95,MMH98,MMEv98,NG99a",7.79,7.79,7.6,7.51,7.1,7.86,7.69,,,6.622,6.407,6.107,,,,
54,38b,VII,SMSP 8,,SMSP 8,11 06 18.70,-61 14 13.00,290.629,-0.902,WC7,SM91; SMS99,"a, d.e.l.","CM89,SS90,VII",,17.71,16.21,,,,,,,10.395,9.276,8.608,C1104-610b ?,,10,WG05
55,39,VII,MS 9,,MS 9,11 06 18.70,-61 14 18.30,290.629,-0.903,WC7+OB?,SS90,d.e.l.,"CM89,SS90,VII",16.11,15.76,14.5,13.58,,,,,,Nan,Nan,Nan,C1104-610b ?,,10,WG05
57,41,VII,Ls 7,,Ls 7,11 07 54.05,-61 27 41.00,290.89,-1.03,WC5+OB?,SS90,d.e.l.,"CM89,SS90,VII",,15.6,14.8,14.36,,,,,,Nan,Nan,Nan,,,,
58,42,VII,,HIP 54574,HD 97152,11 10 04.09,-60 58 45.00,290.95,-0.49,WC7+O7V,HH88,SB2,"DM81,SD87,SM89,LM96,NG99a",,8.31,8.25,,7.44,8.18,8.05,,,7.589,7.519,7.084,,Car OB1 ?,,
59,42a,VII,SMSP 9,,SMSP 9,11 12 15.90,-61 05 04.00,291.23,-0.49,WN5b,SMS99,,,,19.07,17.61,,,,,16.2,,12.083,11.312,10.814,,,,
60,42b,VII,SMSP 10,,SMSP 10,11 13 03.80,-62 14 18.00,291.75,-1.52,WN4b,SMS99,,,,19.39,16.96,,,,,14.6,,11.349,10.521,9.9,,,,
61,42c,VII,SMSP 11,,SMSP 11,11 14 01.60,-61 03 47.00,291.42,-0.39,WN5o,SMS99,,,,17.92,16.56,,,,,14.9,,11.149,10.468,9.899,,,,
62,42d,VII,SMSP 12,,SMSP 12,11 14 38.80,-61 11 16.00,291.54,-0.48,WN5b,SMS99,,,,16.61,15.28,,,,,13.2,,10.2,9.518,8.909,,,,
640,42-1,RL12,WR42e,SB04 #954,RFS5,11 14 45.50,-61 15 00.1,291.57,-0.53,O3If*/WN6,RFS16,,,,,,,16.31,16.05,14.53,,12.05,10.18,9.47,9.04,NGC 3603,,,
63,43A,VII,,,HD 97950-A1,11 15 07.47,-61 15 38.16,291.62,-0.52,WN6ha+WN6ha,CD98,SB2,SCC08,,,,,,,11.18,,,7.98,7.79,7.21,NGC 3603,,7.6,MMM08
64,43B,VII,,,HD 97950-B,11 15 07.58,-61 15 38.32,291.62,-0.52,WN6ha,CD98,,"SCM02, SCC08",,,,,,12.34,11.33,,,7.78,7.7,7.08,NGC 3603,,7.6,MMM08
660,43-2,RL13,MTT 58,RFS2,,11 15 07.60,-61 16 54.8,291.626,-0.542,O2If*/WN5,RFS16,,,,,,,,16.14,14.76,,,10.47,9.68,9.24,NGC 3603?,,7.6,MMM08
65,43C,VII,,,HD 97950-C,11 15 07.76,-61 15 37.75,291.62,-0.52,O3If*/WN6,CW11,,"SCM02, SCC08",,,,,,12.94,11.89,,,8.49,8.13,7.81,NGC 3603,,7.6,MMM08
729,43-3,RFS16,RFS7,,,11 15 15.36,-60 51 17.6,291.49,-0.139,O2.5If*/WN6,RFS16,,,,,,,,14.17,12.89,,,9.85,9.39,9.12,,,,
66,43-1,SM09,SMG09 740_21,,2MASS J11160353-6126583,11 16 03.53,-61 26 58.30,291.79,-0.66,WN4b,SMG09,,,,,,,,16.76,16.82,15.97,,13.16,11.57,10.47,,,,
67,44,VII,,,LSS 2289,11 16 57.86,-59 26 24.00,291.18,1.26,WN4o+OB?,SSM96,d.e.l.,"CM89,VII",,13.33,12.96,,,,,,,7.91,6.93,6.59,,,,
68,44a,VII,SMSP 13,,SMSP 13,11 18 43.50,-61 26 37.00,292.09,-0.54,WN5b,SMS99,,,,17.75,16.2,,,,,,,Nan,Nan,Nan,,,,
69,44-1,SM09,SMG09 740_16,,2MASS J11194296-6127124,11 19 42.96,-61 27 12.40,292.2,-0.51,WCE,SMG09,,,,,,,,13.67,12.35,13.03,,11.5,10.987,10.326,,,,
70,45,VII,,,LSS 2423,11 38 05.20,-62 16 01.00,294.51,-0.6,WC6,VI,,,,15.92,14.8,14.08,,,14.1,,,10.6,9.99,9.2,,,,
71,45-1,HD07,HDM 1,,2MASS J11423766-6241193,11 42 37.66,-62 41 19.30,295.13,-0.86,WN9-10h,HD07,,,,,,,,18.5,,16.6,,11.496,10.54,9.813,,,,
72,45-2,SM09,SMG09 768_6,,2MASS J11460666-6247127,11 46 06.66,-62 47 12.70,295.54,-0.86,WN5,SMG09,,,,,,,,15.56,17.17,14.11,,12.15,11.36,10.78,,,,
73,45a,VII,SMSNPL 1,,SMSNPL 1,11 46 18.22,-61 24 41.10,295.22,0.48,WN5o,SMS99,,,,17.88,16.69,,,17.2,,15.4,,11.904,11.236,10.732,,,,
74,45b,VII,SMSNPL 2,,SMSNPL 2,11 48 46.18,-62 23 03.50,295.74,-0.39,WN4b,SMS99,,,,19.48,18.08,,,17,,15.1,,11.45,10.609,9.918,,,,
75,45-3,SM09,SMG09 772_17,,2MASS J11500424-6252154,11 50 04.24,-62 52 15.40,296,-0.83,"WN6, WN5b","SMG09, RC15",,,,,,,,18.23,,16.47,,12.57,11.58,10.94,,,,
76,45-4,SM09,SMG09 773_3,MV09 J11555211-6245022,,11 55 52.11,-62 45 02.20,296.62,-0.56,WN6,SMG09; MV09,,,,,,,,18.38,,14.94,,11.65,10.76,10.14,,,,
641,45-5,CBB12,VVV CL009-6,,,11 56 03.78,-63 18 54.44,296.76,-1.11,WN7/Of,CBB12,,,,,,,,,,,,10.55,9.93,9.65,VVV CL009,,5,CBB12
77,45c,VII,SMSNPL 3,,SMSNPL 3,11 56 04.77,-62 44 05.30,296.64,-0.54,WN5o,SMS99,,,,16.35,15.44,,,15.1,,14.2,,11.354,10.789,10.322,,,,
78,46,VII,HD 104994,HIP 58954,,12 05 18.73,-62 03 10.10,297.56,0.34,WN3b pec,SSM96,"d.e.l., SB1?","CM89,VG95,NB95,MM96,MMH98,MA00,VGC02,VGH02,VII",10.71,10.84,10.87,10.9,9.95,10.77,10.58,,,10.199,10.079,9.834,,Cru OB4.0,,
79,46-1,HD07,HDM 2,,2MASS J12065647-6238304,12 06 56.48,-62 38 30.50,297.85,-0.21,WN6o,HD07,,,,,,,,17.8,,15.3,,11.547,10.818,10.222,,,,
730,46-18,RC17,RC17 E3,,,12 08 52.49,-62 50 54.9,298.0981,-0.3769,WC6-7,RC17,,,,,,,,,,,,13.34,11.67,10.47,,,,
80,46-7,MV09,,,2MASS J12100795-6244194,12 10 07.95,-62 44 19.40,298.22,-0.25,WC5-7,MV10,,,,,,,,,,,,12.753,11.082,9.741,,,,
81,46-8,MV09,,,2MASS J12110256-6257476,12 11 02.56,-62 57 47.60,298.36,-0.45,WN6,MV10,,,,,,,,,,,,12.017,10.702,9.845,,,,
630,46-16,RMM11,RMM11 #5,,,12 11 54.1,-63 17 04.0,298.506,-0.753,WN9,RMM11,,,,,,,,,,,,13.44,12.05,11.54,,Dragonfish,9.7,RMM11
82,46-9,MV09,,,2MASS J12121681-6246145,12 12 16.81,-62 46 14.50,298.47,-0.24,"WN4-6, WN5","MV10, RC15",,,,,,,,,,,,12.07,10.72,9.88,,,,
642,46-17,CBB12,VVV CL011-2,,,12 12 41.13,-62 42 30.71,298.51,-0.17,WN9/OIf+,CBB12,,,,,,,,,,,,11.72,10.6,10.05,VVV CL011,,5,CBB12
83,46a,VII,SMSNPL 4,,SMSNPL 4,12 13 02.29,-63 42 25.90,298.69,-1.15,WN4o,SMS99,,,,17.04,16,,,16.7,,15.5,,12.076,11.418,10.919,,,,
84,46-10,SM09,SMG09 791_12c,,2MASS J12132829-6241429,12 13 28.29,-62 41 42.90,298.59,-0.14,WCE,SMG09,,,,,,,,,,,,14.05,13.67,11.53,,,,
85,46-2,HD07,HDM 3,,2MASS J12133879-6308580,12 13 38.79,-63 08 58.10,298.68,-0.59,WN7h,HD07,,,,,,,,17.7,,14.5,,10.56,9.644,9.032,,,,
86,46-3,KB07,KBG2007-4,mercer 30-1,,12 14 31.54,-62 58 54.30,298.754,-0.41,WN7-8; O6-7.5If+,KB07; FNB16,,,,,,,,,,,,10.33,9.06,8.54,Glimpse 30,,7.2,KB07
87,46-4,KB07,KBG2007-3,Mercer 30-6a,,12 14 31.73,-62 58 52.1,298.754,-0.409,Ofp/WN; Ofpe/WN9,KB07; FNB16,,,,,,,,,,,,10.39,9.56,9.02,Glimpse 30,,7.2,KB07
88,46-5,KB07,KBG2007-2,Mercer 30-7,,12 14 33.09,-62 58 51.00,298.757,-0.408,WN6,KB07; FNB16,,,,,,,,,,,,11.516,10.25,9.67,Glimpse 30,,7.2,KB07
89,46-6,KB07,KBG2007-1,Mercer 30-8,,12 14 33.91,-62 58 48.70,298.758,-0.408,WN7,KB07; FNB16,,,,,,,,,,,,11.658,10.3,9.64,Glimpse 30,,7.2,KB07
585,46-15,MDM11,MDM 2,,,12 15 12.49,-62 46 43.8,298.8,-0.2,WN8,MDM11,,,,,,,,,,,,13.13,11.03,9.84,,,,
90,46-11,SM09,SMG09 808_14,,2MASS J12284191-6325461,12 28 41.91,-63 25 46.10,300.39,-0.67,WCE,SMG09,,,,,,,,20.28,,17.82,,12.78,11.83,10.94,,,,
91,46-12,SM09,SMG09 808_23,MV09 J12285099-6317002,,12 28 50.99,-63 17 00.20,300.4,-0.52,WN5; WN4-5; WN4b,SMG09; MV09; RC15,,,,,,,,,,18.61,,13.56,12.55,11.84,,,,
92,46-13,SM09,SMG09 807_16,,2MASS J12300386-6250171,12 30 03.86,-62 50 17.10,300.5,-0.07,WC7,SMG09,,,,,,,,,,19.2,,13.16,12.05,11.09,,,,
93,46-14,SM09,SMG09 816_10,,2MASS J12381878-6324197,12 38 18.78,-63 24 19.70,301.46,-0.57,WN5b,SMG09,,,,,,,,,,18.43,,12.93,11.76,10.96,,,,
94,47,VII,HD 311884,HIP 62115,,12 43 51.01,-63 05 14.80,302.07,-0.23,WN6o+O5V,SSM96,SB2,"LM87,SM89,MD90,LM96,GN99",12.17,11.84,11.08,10.58,11.39,11.59,10.79,,,8.316,7.916,7.549,Ho 15-3:,,3.8,LS84
95,47a,VII,SMSNPL 5,,SMSNPL 5,12 45 51.27,-64 09 37.80,302.32,-1.3,WN8h,SMS99,,,,17.71,15.98,,,,,14.2,,10.439,9.68,9.058,,,,
96,47-1,HD07,HDM 4,,2MASS J12461614-6257234,12 46 16.14,-62 57 23.50,302.34,-0.09,WN6o,HD07,,,,,,,,19.6,,16.5,,12.184,11.216,10.555,,,,
97,47b,VII,SMSNPL 6,,SMSNPL 6,12 48 07.63,-63 38 40.20,302.56,-0.78,WN9h,SMS99,,,,18.98,17.05,,,17.7,,14.7,,10.288,9.436,8.837,,,,
731,47-5,RC17,RC17 B13,,,12 50 48.98,-62 24 39.8,302.8599,0.4606,WN6(h),RC17,,,,,,,,,,,,13.32,12.92,11.09,,,,
98,47c,VII,SMSNPL 7,,SMSNPL 7,12 52 55.67,-63 46 39.10,303.1,-0.91,WC5,SMS99,,,,17.49,16.09,,,16.5,,14.8,,11.244,10.481,9.892,,,,
99,47-2,SM09,SMG09 832_25,,2MASS J12554426-6335500,12 55 44.26,-63 35 50.00,303.41,-0.73,WC5-6,SMG09,,,,,,,,,,,,12.48,11.12,10.22,,,,
100,47-3,SM09,SMG09 856_13c,,2MASS J13031108-6342162,13 03 11.08,-63 42 16.20,304.23,-0.86,WC5-6,SMG09,,,,,,,,,,18.72,,13.13,11.92,11.05,,,,
101,47-4,SM09,SMG09 839_12,,2MASS J13045008-6304402,13 04 50.08,-63 04 40.20,304.45,-0.25,WC5-6,SMG09,,,,,,,,,,,,15.69,14,12.54,,,,
102,48,VII,theta Mus,HIP 64094,theta Mus,13 08 07.16,-65 18 21.70,304.67,-2.49,WC6(+O9.5/B0Iab),"VI,Co84","SB1, VB","MS77,SD87,SM89,Hip97,MG98,HaM99,NG99a",,5.76,5.88,,4.65,5.619,5.662,,,5.571,5.566,5.434,,Cen OB1:,,
103,48-1,HD07,HDM 5,,2MASS J13101207-6239065,13 10 12.07,-62 39 06.60,305.09,0.14,WC7,HD07,,,,,,,,18.1,,15.7,,11.055,10.091,9.315,,,,
104,48b,VII,SMSNPL 8,,2MASS J13112771-6345598,13 11 27.45,-63 46 00.80,305.14,-0.98,WC9d,"SMS99,Co00",,,,17.03,15.96,,,,,,,10.99,9.78,8.578,,,,
586,48-6,MDM11,MDM11 3,,,13 12 09.05,-62 43 26.7,305.3,0.05,WN8-9; WN9,MDM11; RC15,,,,,,,,,,,,10.21,8.57,7.58,,,,
105,48-3,SM09,SMG09 845_34,MDM11 4,,13 12 21.30,-62 40 12.50,305.33,0.1,WC8,SMG09,,,,,,,,,,16.24,,10.75,9.57,8.77,,,,
624,48-10,DCT12,DCT12 D1-2,,,13 12 24.98,-62 42 00.2,305.33,0.07,WNLh; WN9h,DCT11; RC15,,,,,,,,,,,,9.42,8.15,7.48,Danks 1,,3.8,DCT12
587,48-7,MDM11,MDM11 5,,USNO 0272-0487929,13 12 25.46,-62 44 41.7,305.33,0.03,WN9; WN8,MDM11; RC15,,,,,,,,20.13,,15.26,,9.81,8.48,7.65,Danks 1,,3.8,DCT12
106,48-4,SM09,SMG09 845_35,MDM11 6,,13 12 27.67,-62 44 22.00,305.34,0.03,WC7; WC6,SMG09; RC15,,,,,,,,,,17.95,,13.16,11.82,10.71,Danks 1,,3.8,DCT12
588,48-8,MDM11,MDM11 7,DCT12 D1-5,,13 12 28.50,-62 41 50.9,305.34,0.08,WN9; WCLh,MDM11; DCT11,,,,,,,,,,,,9.81,8.83,8.15,Danks 1,,3.8,DCT12
589,48-9,MDM11,MDM11 8,DCT12 D1-1,,13 12 28.55,-62 41 43.8,305.34,0.08,WN9h; WNLh,MDM11; DCT11,,,,,,,,,,,,8.26,7.27,6.61,Danks 1,,3.8,DCT12
107,48a,VII,D83 1,,,13 12 39.65,-62 42 55.80,305.36,0.06,WC8ed+?,HH88,"CWB, VB?","Wi97,Wi99,Wi02",,18.5,16.8,,,,,,,8.74,6.8,5.09,C1309/10-624?,,3.6,LS84
108,48-5,SM09,SMG09 847_8,,2MASS J13124535-6305520,13 12 45.35,-63 05 52.00,305.34,-0.33,WN6; WN6b,SMG09; RC15,,,,,,,,,,,,13.06,11.34,10.26,,,,
109,48c,VII,SMSNPL 9,,SMSNPL 9,13 12 52.21,-63 23 46.40,305.33,-0.62,WN3h/C4,SMS99,,,,14.37,13.98,,,,13.44,,,11.863,11.521,11.16,,,,
110,48-2,MV09,MV09 J13125770-6240599,DCT12 D2-3,,13 12 57.70,-62 40 59.90,305.4,0.09,WC8; WC7-8,MV09; DCT11,,,,,,,,18.8,,15.7,,10.825,9.83,8.981,Danks 2,,3.8,DCT12
111,49,VII,LSS 2979,GSC 8998-0104,Th17-22,13 13 51.33,-65 18 08.80,305.27,-2.53,WN5(h),SSM96,,,14.48,14.18,13.84,13.53,,,,,,11.891,11.568,11.209,,,,
590,49-1,MDM11,MDM11 9,,,13 14 57.04,-62 23 53.3,305.65,0.35,WN8,MDM11,,,,,,,,,,,,13.82,11.88,10.67,,,,
112,50,VII,,GSC 8994-2101,V864 Cen,13 18 01.07,-62 26 04.50,306,0.28,WC7+OB,SS90,SB2,"CM89,GH90,SS90,GV91,VII",13.44,13.03,12.49,11.94,12.66,12.72,11.86,11.4,,9.753,9.384,8.811,,Anon. Cen OB?,,
113,51,VII,MR45,,Th17-85,13 18 22.80,-62 28 21.00,306.04,0.24,WN4o,SSM96,d.e.l.,"CM89,VII",16.22,15.68,14.64,13.91,,,,12.6,,10.896,10.328,9.888,,Anon. Cen OB?,,
114,52,VII,,HIP 64929,HD 115473,13 18 28.00,-58 08 13.60,306.5,4.54,WC4,SS90,,NG99a,9.91,10.15,9.86,10.01,9.09,9.71,9.25,,,8.411,8.206,7.555,,,,
115,52-1,SM09,SMG09 853_9,,2MASS J13221608-6230574,13 22 16.08,-62 30 57.40,306.48,0.14,WN6,SMG09,,,,,,,,18.2,,16.6,,14.77,12.69,11.55,,,,
116,52-2,SM09,SMG09 858_26,,2MASS J13281587-6206235,13 28 15.87,-62 06 23.50,307.22,0.46,WN6,SMG09,,,,,,,,,,18.7,,12.53,11.4,10.68,,,,
117,53,VII,HD 117297,HIP 65925,,13 30 53.26,-62 04 51.80,307.53,0.44,WC8; WC9; WC8d,SS90; CDB98; WH00,,,11.66,11.3,10.88,10.97,10.81,11.11,10.77,,,8.745,7.915,6.835,,,,
118,54,VII,MR 48,GSC 8999-3295,Th17-89,13 32 43.79,-65 01 27.90,307.27,-2.5,WN5o,SSM96,,,,13.45,12.99,,,,,12.8,,10.851,10.48,10.094,,,,
119,55,VII,HD 117688,HIP 66142,,13 33 30.13,-62 19 01.20,307.8,0.16,WN7o,SSM96,,MMH98,,11.27,10.87,,8.69,10.84,10.39,,,8.774,8.489,8.005,,,,
120,56,VII,Ls 8,GSC 8999-1206,Ls 8,13 33 45.37,-64 07 31.50,307.53,-1.63,WC7,HH88,,,14.53,14.31,13.87,13.74,,,,,,Nan,Nan,Nan,,,,
121,56a,VII,SMSNPL 10,,SMSNPL 10,13 41 14.27,-60 53 52.50,308.95,1.39,WN6o,SMS99,,,,17.23,15.91,,,,,,,Nan,Nan,Nan,,,,
732,56-1,RC17,RC17 B37,,,13 41 50.01,-62 20 25.8,308.7434,-0.0387,WN5o,RC17,,,,,,,,,,,,14.94,13.21,12.18,,,,
122,57,VII,,HIP 66948,HD 119078,13 43 16.37,-67 24 04.90,307.89,-5.03,WC8,SS90,,,10.17,10.12,10.02,10.29,9.11,9.8,9.64,,,9.088,8.752,8.01,,,,
591,57-1,MDM11,MDM11 10,,,13 44 06.95,-62 45 02.1,308.92,-0.49,WN7,MDM11,,,,,,,,,,,,15.01,12.77,11.46,,,,
123,58,VII,MR 51,GSC 9016-1189,LSS 3162,13 49 04.52,-65 41 56.00,308.82,-3.49,WN4b/CE,SSM96,,,13.68,13.62,13.05,12.79,12.74,13.11,12.77,,,11.304,10.984,10.541,,,,
124,59,VII,,GSC 9004-3553,LSS 3164,13 49 32.66,-61 31 42.20,309.8,0.57,WC9d,HH88,,,,15.14,13.9,13.4,12.09,11.99,11.69,,,8.795,7.709,6.609,,,,
125,59-1,SM09,SMG09 883_18,,2MASS J13520236-6226460,13 52 02.36,-62 26 46.00,309.88,-0.39,WCE,SMG09,,,,,,,,,,,,14.59,12.41,10.99,,,,
126,59-2,SM09,SMG09 885_11,,2MASS J13541345-6150018,13 54 13.45,-61 50 01.80,310.27,0.14,WC5-6,SMG09,,,,,,,,,,,,13.6,12.07,10.86,,,,
127,60,VII,,,HD 121194,13 55 48.46,-61 09 48.4,310.61,0.74,WC8,VI,,,14.92,14.29,13.25,12.51,14.34,13.72,12.17,,,Nan,Nan,Nan,,,,
592,60-3,MDM11,MDM11 11,,,14 01 15.49,-62 38 19.9,310.86,-0.85,WC7,MDM11,,,,,,,,,,,,14.87,12.84,11.56,,,,
733,60-7,RC17,RC17 B51,,,14 02 33.44,-61 20 27.2,311.3533,0.3626,WC7-8,RC17,,,,,,,,,,,,13.28,11.57,10.28,,,,
593,60-4,MDM11,MDM11 12,,,14 04 36.67,-61 29 16.5,311.55,0.15,WC8,MDM11,,,,,,,,,,,,15.58,12.71,11,,,,
511,60-5,R11b,WR60a,,,14 06 03.61,-60 27 29.5,312.008,1.092,WC5-7; WC7,R11b; RC15,,,,,,,,,15.35,,,10.84,10.12,9.39,,,,
643,60-6,CBB12,VVV CL036-9,,,14 09 04.30,-61 15 53.78,312.12,0.21,WN6,CBB12,,,,,,,,,,,,13.37,10.66,9.16,VVV CL036,,2,CBB12
128,60-1,SM09,SMG09 897_5,,2MASS J14101001-6115255,14 10 10.01,-61 15 25.50,312.25,0.18,WC8,SMG09,,,,,,,,,,,,15.3,12.43,10.6,,,,
734,60-8,RC17,RC17 B56,,,14 12 15.19,-61 42 45.2,312.3517,-0.3277,WN6o,RC17,,,,,,,,,,,,14.9,12.98,11.76,,,,
130,60-2,SM09,SMG09 903_15c,,2MASS J14123654-61453276,14 12 36.54,-61 45 32.70,312.38,-0.38,WC8,SMG09,,,,,,,,,,,,13.58,11.33,9.71,,,,
131,61,VII,MR 53,HIP 69445,CF Cir,14 13 03.53,-65 26 52.70,311.28,-3.91,WN5o,SSM96,,,12.8,12.77,12.41,12.24,11.93,12.51,12.32,,,10.958,10.666,10.351,,,,
132,61-2,SM09,SMG09 907_18,,2MASS J14162737-6117562,14 16 27.37,-61 17 56.20,312.96,-0.09,WN5b,SMG09,,,,,,,,,,,,13.6,11.39,10.01,,,,
594,61-3,MDM11,MDM11 13,,,14 20 30.74,-60 48 22.1,313.58,0.21,WC9,MDM11,,,,,,,,,,,,13.62,11.63,10.38,,,,
129,61-1,MV09,,,2MASS J14212314-6018041,14 21 23.14,-60 18 04.10,313.86,0.65,WN6,MV10,,,,,,,,,,,,11.68,10.425,9.619,,,,
133,62,VII,NS 2,,,14 31 06.10,-61 20 58.30,314.59,-0.75,WN6b,SSM96,,,16.63,15.82,14.22,,,,,,,9.108,8.347,7.752,,,,
134,62a,VII,SMSNPL 11,,SMSNPL 11,14 32 38.18,-61 29 55.40,314.7,-0.96,WN4-5o; WN5+O5.5-6; WN6o,SMS99; CGB13; RC17,SB2 (P=9.1d),CGB13,,15.04,13.8,,,,,,,Nan,Nan,Nan,,,,
724,62-2,CRB15,VVV CL041-8,,,14 46 26.41,-59 23 28.83,317.109,0.277,WN8-9h,CRB15,,,,,,,,,,,,8.41,7.42,6.87,VVV CL041,,4.2,CRB15
135,62b,VII,SMSNPL 12,,SMSNPL 12,14 46 41.01,-61 06 56.50,316.4,-1.29,WN5o,SMS99,,,,19.03,17.26,,,,,,,Nan,Nan,Nan,,,,
659,62-1,AGK11,AX J144701-5919,,,14 46 53.58,-59 19 38.3,317.188,0.311,WN7-8h,AGK11,,,,,,,,,,,,8.93,7.6,6.82,,,,
136,63,VII,LSS 3289,GSC 8692-0361,,14 50 58.31,-59 51 26.70,317.42,-0.39,WN7o+OB,SSM96,"a, d.e.l.","CM89,SS96,VII",14.96,14.1,12.83,11.9,14.37,13.87,12.34,10.8,,8.595,8.07,7.637,,,,
137,64,VII,BS 3,,BS 3,14 56 55.30,-55 50 58.00,319.95,2.82,WC7,VI,,,,15.73,15.57,,,,,,,12.498,12.031,11.329,,,,
735,64-2,RC17,RC17 B85,,,15 01 14.05,-58 49 07.4,319.0607,-0.0724,WN6o,RC17,,,,,,,,,,,,14.46,12.88,11.89,,,,
138,64-1,SM09,SMG09 956_25,,2MASS J15013011-5916120,15 01 30.11,-59 16 12.00,318.88,-0.49,WN4b,SMG09,,,,,,,,,,,,13.84,11.83,10.64,,,,
736,64-3,RC17,RC17 B87,,,15 02 46.14,-58 27 06.5,319.412,0.1535,WN6o,RC17,,,,,,,,,,,,12.39,11.04,10.18,,,,
737,64-4,RC17,RC17 B88,,,15 04 11.15,-58 27 21.5,319.5721,0.0601,WN6o+OB,RC17,,,,,,,,,,,,11.35,10.01,9.1,,,,
738,64-5,RC17,RC17 B91,,,15 07 31.84,-58 15 09.6,320.054,0.0209,WN6o,RC17,,,,,,,,,,,,13.11,11.66,10.8,,,,
739,64-6,RC17,RC17 B93,,,15 10 57.65,-57 57 28.5,320.5939,0.0474,WN6b,RC17,,,,,,,,,,,,13.84,12.19,11.11,,,,
139,65,VII,Wra 1297,,Wra 1297,15 13 41.68,-59 11 43.30,320.27,-1.2,WC9d+OB?,VI,d.e.l.,"CM89,SS90,VII",16.85,15.91,14.5,13.29,16.25,15.59,13.66,,,Nan,Nan,Nan,,Cir OB1,,
140,66,VII,HD 134877,HIP 74634,,15 14 57.72,-59 50 30.20,320.07,-1.83,WN8(h),SSM96,"no d.e.l., SB1?, VB","CM89,AB95,RG96,Hip97,MMH98,VII",12.81,12.39,11.66,11.13,12.23,12.26,11.38,,,8.928,8.481,8.148,,Cir OB1,,
141,67,VII,MR 55,GSC 8706-0600,LSS 3329,15 15 32.61,-59 02 30.80,320.55,-1.19,WN6o,SSM96,d.e.l.,"CM89,VII",13.32,12.99,12.12,11.61,12.61,12.62,11.88,,,9.278,8.858,8.452,Pi 20:,Cir OB1,3.5,MA01
663,67-3,MMV13,G321.0331-0.4274,,,15 15 39.44,-58 08 16.0,321.0331,-0.4274,WN10,MMV13,,,,,,,,,,,,9.37,8.46,7.74,,,,
142,67-1,R11a,WR67a,,,15 16 36.96,-58 09 58.70,321.13,-0.52,WN6h,R11a,,,,,,,,16.25,14.75,,,9.86,9.18,8.82,,,,
143,67-2,R11a,WR67b,,,15 17 46.30,-57 56 59.20,321.37,-0.42,WC8; WC7,R11a; RC15,,,,,,,,19.35,17.25,,,10.34,9.26,8.46,,,,
144,68,VII,BS 4,,BS 4,15 18 21.00,-59 38 10.00,320.54,-1.88,WC7,VI,,,,15.06,14.09,,14.83,14.33,13.71,12.7,,9.898,9.385,8.749,,Cir OB1,,
145,68-1,SM09,SMG09 979_11,,2MASS J15203591-5727119,15 20 35.91,-57 27 11.90,321.95,-0.2,WN4b,SMG09,,,,,,,,,,,,13.88,12.15,11.06,,,,
146,68a,VII,SMSNPL 13,,SMSNPL 13,15 23 16.56,-57 44 19.30,322.1,-0.63,WN6o+O5.6-6; WN6o,SMS99; RC17,SB2,CGB15,,15.87,14.41,,,,,,,9.588,9.02,8.617,,,,
147,69,VII,,HIP 75377,HD 136488,15 24 11.31,-62 40 37.50,319.48,-4.82,WC9d+OB,WH00,SB2,"MMH98,NG99a,WH00",,9.57,9.43,,9.1,9.55,9.24,,,7.955,7.278,6.403,,,,
148,70,VII,,HIP 75863,HD 137603,15 29 44.70,-58 34 51.20,322.34,-1.81,WC9vd+B0I,Ni95,SB2,"Go87,SM89,Ni95,Wi97,NG99a,Wi02",11.79,11.06,10.1,9.48,11.11,11.02,9.78,,,7.067,6.557,5.744,,,,
149,70-1,MV09,MV09 J15352652-5604123,WM10 9,,15 35 26.52,-56 04 12.30,324.41,-0.2,WN7,MV09,,,,,,,,,,,,13.84,12.39,11.457,,,,
740,70-13,RC17,RC17 B105,,,15 37 46.51,-56 08 45.2,324.6325,-0.4487,WC8d,RC17,,,,,,,,,,,,13.12,11.38,9.96,,,,
741,70-14,RC17,RC17 B107,,,15 39 17.02,-55 49 18.9,324.9945,-0.3129,WN4b,RC17,,,,,,,,,,,,14.12,12.58,11.5,,,,
150,70-3,SM09,SMG09 1011_24,,2MASS J15430468-5511123,15 43 04.68,-55 11 12.30,325.81,-0.13,WC8; WC7,SMG09; RC15,,,,,,,,19.93,17.31,16.06,,10.96,9.94,9.06,,,,
151,70-4,WM10,WM10 10,,2MASS J15455914-5332325,15 45 59.14,-53 32 32.50,327.14,0.92,WN9h,WM10,,,,,,,,,,,,14.576,12.217,10.874,,,,
152,70-5,WM10,WM10 11b,,2MASS J15484210-5507542,15 48 42.10,-55 07 54.20,326.47,-0.58,WC9,WM10,,,,,,,,,,,,11.185,9.708,8.49,,,,
512,70-10,SFZ12,1023-63L,,,15 52 08.50,-54 16 58.0,327.39,-0.23,WC7: or [WC7],SFZ12; KSF16,,,,,,,,,,,,16.13,15.06,14.37,,,,
595,70-6,MDM11,MDM11 14,,,15 53 31.85,-53 45 44.3,327.88,0.05,WN5b; WN6b,MDM11; RC15,,,,,,,,,,,,15.16,12.51,10.97,,,,
596,70-7,MDM11,MDM11 15,,,15 58 49.71,-52 51 32.4,329.07,0.23,WN6b,MDM11,,,,,,,,,,,,15.94,13.05,11.36,,,,
597,70-8,MDM11,MDM11 16,,,15 58 54.93,-52 02 45.5,329.6,0.84,WN7,MDM11,,,,,,,,,,,,15.64,12.59,10.91,,,,
742,70-15,RC17,RC17 B123,,,15 58 57.97,-52 46 05.4,329.1414,0.2865,WN5o,RC17,,,,,,,,,,,,15.61,13.59,12.4,,,,
153,70a,VII,SMSNPL 14,,SMSNPL 14,15 59 25.40,-54 12 44.90,328.25,-0.85,WN6o,SMS99,,,,18.13,16.9,,,,,,,Nan,Nan,Nan,,,,
154,70-2,MV09,,,2MASS J15595671-5159299,15 59 56.71,-51 59 29.90,329.76,0.78,WN5-6b; WN5b,MV10; RC15,,,,,,,,,,,,10.875,9.523,8.659,,,,
598,70-9,MDM11,MDM11 17,,,16 00 23.26,-52 51 42.3,329.24,0.08,WC8,MDM11,,,,,,,,,,,,15.56,12.87,11.31,,,,
513,70-11,SFZ12,1042-25L,,,16 00 25.25,-52 03 29.6,329.77,0.68,WN8; WN7,SFZ12; RC15,,,,,,,,,,,,12.02,10.65,9.88,,,,
514,70-12,SFZ12,1038-22L,Mc70-7,,16 00 26.31,-52 11 10.73,329.69,0.58,WC7:,SFZ12; FNT15,,,,,,,,,,19.7,,11.53,10.2,9.29,Mc70,,7.9,FNT15
155,71,VII,HD 143414,HIP 78689,,16 03 49.35,-62 41 35.80,323.08,-7.61,WN6o,SSM96,"d.e.l., SB2?","LM87,CM89,SS96,MMH98,VII",10.01,10.18,10.23,10.22,9.34,10.05,10.11,,,9.48,9.306,9.088,,,,
669,71-1,KSF14,1040-B6C,,,16 04 03.76,-53 10 44.2,-30.549,-0.527,WN9,KSF14,,,,,,,,,,,,13.134,11.899,11.171,,,,
743,72-5,RC17,RC17 B132,,,16 07 01.45,-51 58 18.3,330.5909,0.0725,WN6o,RC17,,,,,,,,,,,,12.56,11.14,10.27,,,,
515,72-3,SFZ12; MDM11,SFZ12 1054-43L,MDM11 18,,16 10 06.26,-50 47 58.6,331.74,0.61,WC9; WC9d?,SFZ12; MDM11,,,,,,,,,,,,15.62,13.05,11.53,,,,
516,72-4,SFZ12,1051-67L,,,16 10 06.67,-51 47 24.5,331.07,-0.11,WC7:,SFZ12,,,,,,,,,,,,14.86,12.63,11.24,,,,
156,72-1,HD07,HDM6,,,16 11 39.27,-52 05 45.80,313.03,-0.5,WC9,HD07,,,,,,,,18.3,,15.3,,10.161,9.251,8.464,,,,
157,72-2,SM09,SMG09 1053_27,,2MASS J16114370-5110166,16 11 43.70,-51 10 16.60,331.67,0.17,WC8,SMG09,,,,,,,,,,18.53,,10.26,8.97,8.1,,,,
158,73,VII,NS 3,,NS 3,16 12 37.50,-46 37 35.00,334.89,3.38,WC9d,HH88,,,,16.43,15.2,14.81,,,,13.3,,10.318,8.793,7.468,,,,
159,73-1,SM09,SMG09 1059_34,,2MASS J16143723-5126263,16 14 37.23,-51 26 26.30,331.81,-0.34,WC8; WC7,SMG09; RC15,,,,,,,,,,,,15.05,12.79,11.57,,,,
160,74,VII,BP 1,,,16 16 13.70,-51 36 41.00,331.88,-0.64,WN7o,SSM96,,,,15.56,13.98,13.02,,,,,,9.727,9.224,8.798,,Nor OB4?,,
599,74-1,MDM11,MDM11 19,,,16 20 51.43,-50 04 03.3,333.48,-0.04,WN9ha,MDM11,,,,,,,,,,,,15.5,12.28,10.59,,,,
517,74-3,SFZ12,SFZ12 1077-55L,,,16 24 22.70,-49 00 42.3,334.63,0.3,WC6:,SFZ12,,,,,,,,,,,,15.15,13.13,11.97,,,,
600,74-2,MDM11,MDM11 20,,,16 24 23.29,-49 21 29.5,334.38,0.05,WN7,MDM11,,,,,,,,,,,,15.64,12.9,11.43,,,,
161,75,VII,HD 147419,TYC 8324 3694,,16 24 26.23,-51 32 06.10,332.84,-1.48,WN6b,SSM96,,,12.11,11.94,11.23,10.77,,11.46,10.85,,,8.601,8.244,7.837,,Nor OB4?,,
162,75-1,SM09,SMG09 1081_21,,2MASS J16245886-4856524,16 24 58.86,-48 56 52.40,334.75,0.27,WC8,SMG09,,,,,,,,18.5,,16.5,,13.28,11.76,10.73,,,,
744,75-31,RC17,RC17 A11,,,16 25 13.60,-48 58 22.3,334.7557,0.2255,WN7o,RC17,,,,,,,,,,,,15.28,13.34,12.21,,,,
164,75aa,VIIA,HBD 1,,SHS J162620.2-455946,16 26 20.2,-45 59 46.00,337.02,2.17,WC9d,HBD05; RC17,,,,,,,,17.5,,15.6,,12.027,10.732,9.459,,,,
163,75a,VII,SMSNPL 15,,SMSNPL 15,16 26 37.27,-50 19 22.80,333.95,-0.88,WC9,SM99,,,,16.04,14.51,,,17.1,,14.1,,9.963,9.183,8.5,,,,
518,75-14,SFZ12,SFZ12 1085-72L,,,16 27 42.39,-48 30 34.2,335.37,0.25,WC8-9; WC9,SFZ12; RC15,,,,,,,,,,,,14.5,12.37,11.21,,,,
165,75b,VII,SMSNPL 16,,SMSNPL 16,16 28 17.23,-48 17 40.8,335.59,0.33,WC9,SM99,,,,17.8,16.09,,,,,,,Nan,Nan,Nan,,,,
519,75-15,SFZ12,SFZ12 1085-69L,,,16 28 40.25,-48 18 12.9,335.63,0.28,WC8,SFZ12,,,,,,,,,,,,14.73,13.16,11.5,,,,
601,75-6,MDM11,MDM11 21,,,16 28 53.42,-48 33 39.4,335.47,0.08,WN5b,MDM11,,,,,,,,,,,,14.65,12.8,11.76,,,,
520,75-16,SFZ12,SFZ12 1085-83L,,,16 29 35.82,-48 19 34.2,335.72,0.15,WC8:,SFZ12,,,,,,,,,,,,16.7,13.49,11.83,,,,
644,75-25,CBB12,VVV CL073-2,,,16 30 23.73,-48 13 05.48,335.89,0.13,WN9/O4-6If+,CBB12,,,,,,,,,,,,15.4,12.51,11.08,VVV CL073,,4,CBB12
645,75-26,CBB12,VVV CL073-4,,,16 30 23.98,-48 13 05.48,335.89,0.13,WN7,CBB12,,,,,,,,,,,,14.71,11.53,9.5,VVV CL073,,4,CBB12
166,75-2,SM09,SMG09 1093_34,,2MASS J16312923-4756164,16 31 29.23,-47 56 16.40,336.22,0.19,WC8,SMG09,,,,,,,,,,,,15.56,12.86,11.32,,,,
167,75-3,SM09,SMG09 1093_33,,2MASS J16314906-4756044,16 31 49.06,-47 56 04.40,336.26,0.15,WC8,SMG09,,,,,,,,,,,,15.11,12.86,11.47,,,,
646,75-27,CBB12,VVV CL074-2,,,16 32 05.27,-47 49 14.25,336.38,0.2,WC8,CBB12,,,,,,,,,,,,16.92,13.23,10.31,VVV CL074,,6,CBB12
647,75-28,CBB12,VVV CL074-3,,,16 32 05.46,-47 49 28.10,336.37,0.2,WN8,CBB12,,,,,,,,,,,,14.72,11.82,10.17,VVV CL074,,6,CBB12
648,75-29,CBB12,VVV CL074-9,,,16 32 05.93,-47 49 30.92,336.37,0.19,WN7/O4-6If+,CBB12,,,,,,,,,,,,15.22,12.53,11.31,VVV CL074,,6,CBB12
168,75-4,SM09,SMG09 1093_53,WM10 16,,16 32 12.98,-47 50 35.80,336.37,0.17,WN5b,SMG09,,,,,,,,,,,,15,12.7,11.34,,,,
521,75-17,SFZ12,SFZ12 1093-138L,,,16 32 15.22,-47 56 12.7,336.31,0.1,WC8:,SFZ12,,,,,,,,,,,,16,14.17,12.75,,,,
602,75-7,MDM11,MDM11 22,,USNO 0422-0651194,16 32 22.05,-47 47 42.5,336.43,0.18,WC9,MDM11,,,,,,,,,,,,14.97,12.96,11.63,,,,
671,75-30,KSF14,1093-1765,RC17 A13,,16 32 25.70,-47 50 46.1,336.3959,0.1395,"WN6, WN7o","KSF14, RC17",,,,,,,,,,,,15.149,12.925,11.571,,,,
522,75-18 nbsp,ABK11,AX J163552-4746,SFZ 1093-140LB?,,16 32 48.55,-47 45 06.2,336.51,0.16,Ofpe/WN9; WN9,AGK11; SFZ12,,,,,,,,,,,,13.36,10.89,9.27,,,,
523,75-19,SFZ12,SFZ12 1093-140L,,,16 32 49.78,-47 44 31.4,336.52,0.16,WC7:,SFZ12,,,,,,,,,,,,16.15,13.97,12.28,,,,
603,75-8,MDM11,MDM11 23,,,16 33 11.20,-48 19 41.2,336.13,-0.28,WN4-5b; WN4b,MDM11; RC15,,,,,,,,,,,,15,12.44,10.9,,,,
524,75-20,SFZ12,SFZ12 1091-46L,,,16 33 14.06,-48 17 37.2,336.16,-0.26,WC8,SFZ12,,,,,,,,,,,,13.93,11.76,10.02,,,,
525,75-9,SFZ12; MDM11,SFZ12 1093-59L,MDM11 24,,16 33 45.45,-47 51 29.1,336.54,-0.03,WC9+late; WC8-9d?,SFZ12; MDM11,,,,,,,,,,,,15.56,12.98,11.41,,,,
526,75-21,SFZ12,SFZ12 1095-189L,,,16 33 48.13,-47 52 52.8,336.53,-0.05,WC7:,SFZ12,,,,,,,,,,,,10.43,9.62,9.35,,,,
169,75ab,VIIA,PCG1,,2MASS J16334874-4928439,16 33 48.74,-49 28 43.50,335.35,-1.14,WN7h,CPG05,,,,,,,,,,,,10.218,9.29,8.91,,,,
170,75c,VIIA,HBD 2,,SHS J163403.6-434025,16 34 03.60,-43 40 25.00,339.65,2.77,WC9,HBD05; RC17,,,,,,,,16.5,,14.2,13.12,11.625,11.123,10.522,,,,
171,75d,VIIA,HBD 3,,SHS J163417.5-460852,16 34 17.50,-46 08 52.00,337.86,1.06,WC9,HBD05,,,,,,,,17.1,,14.6,12.3,10.977,9.883,9.118,,,,
527,75-10,SFZ12; MDM11,SFZ12 1097-156L,MDM11 25,,16 34 57.45,-47 04 13.0,337.26,0.35,WN6; WN5-6b; WN6b,SFZ12; MDM11; RC15,,,,,,,,,,,,13.75,11.71,10.46,,,,
604,75-11,MDM11,MDM11 26,,,16 35 05.55,-47 17 13.5,337.11,0.19,WC9d?,MDM11,,,,,,,,,,,,13.6,11.62,10.46,,,,
172,75-5,SM09,SMG 09 1096_22,SFZ12 1095-98L,2MASS J16352331-4809180,16 35 23.21,-48 09 16.2,336.51,-0.43,WC8,"SMG09, SFZ12",,,,,,,,,,,,14.9,12.77,11.43,,,,
605,75-12,MDM11,MDM11 27,,,16 35 38.88,-47 09 13.0,337.27,0.21,WN6,MDM11,,,,,,,,,,,,15.02,12.85,11.49,,,,
529,75-22,SFZ12,SFZ12 1097-71L,,,16 35 44.37,-47 19 42.2,337.16,0.08,WC9,SFZ12,,,,,,,,,,,,15.28,13.72,12.04,,,,
530,75-13,SFZ12; MDM11,SFZ12 1097-34L,MDM11 28,,16 35 51.16,-47 19 51.3,337.166,0.064,WC8,"SFZ12, MDM11",,,,,,,,,,,,13.6,11.67,10.39,,,,
531,75-23,SFZ12,SFZ12 1106-31L,,,16 37 24.00,-46 26 28.6,338,0.47,WC9,SFZ12,,,,,,,,17.78,15.29,13.31,,10.27,9.59,8.93,,,,
532,75-24,SFZ12,SFZ12 1105-76L,,,16 38 20.18,-46 23 43.8,338.14,0.38,WC8,SFZ12,,,,,,,,,,,,14.77,12.74,11.48,,,,
173,76,VII,,,LSS 3693,16 40 05.25,-45 41 12.7,338.88,0.62,WC9d,HH88,,,,16.58,15.46,,,,,,,8.46,6.51,4.88,,,,
745,76-11,RC17,RC17 B154,,,16 40 12.92,-46 08 54.0,338.5451,0.2996,WN7o,RC17,,,,,,,,,,,,15.05,13.15,11.98,,,,
533,76-10,SFZ12,SFZ12 1109-74L,,,16 40 17.12,-46 20 09.7,338.41,0.17,WC7:,SFZ12,,,,,,,,,,,,16.92,13.1,11.25,,,,
635,76-2,"DFN12, FND12",Mercer 81-5,,,16 40 28.35,-46 23 25.6,338.4,0.1,WN7-8,FND12,,,,,,,,,,,,Nan,14.13,11.42,Mercer 81,,11,DFN12
638,76-3,DFN12; FND12,Mercer 81-8,,,16 40 28.94,-46 23 27.1,338.4,0.1,Of/WN; WN8,FND12; RC15,,,,,,,,,,,,Nan,14.27,11.46,Mercer 81,,11,DFN12
636,76-4,"DFN12, FND12",Mercer81-6,,,16 40 29.32,-46 23 11.6,338.4,0.1,O super; WN9ha,FND12; RC15,,,,,,,,,,,,Nan,13.46,11.42,Mercer 81,,11,DFN12
639,76-5,DFN12; FND12,Mercer 81-9,,,16 40 29.32,-46 23 38.2,338.4,0.1,O super; WN9ha,FND12; RC15,,,,,,,,,,,,Nan,13.76,11.82,Mercer 81,,11,DFN12
637,76-6,"DFN12, FND12",Mercer 81-7,,,16 40 29.60,-46 23 25.6,338.4,0.1,WN7-8,FND12,,,,,,,,,,,,Nan,13.55,11.45,Mercer 81,,11,DFN12
633,76-7,"DFN12, FND12",Mercer 81-2,,,16 40 29.65,-46 23 29.1,338.4,0.1,WN7-8,FND12,,,,,,,,,,,,Nan,13.25,10.59,Mercer 81,,11,DFN12
634,76-8,DFN12,Mercer 81-4,,,16 40 29.65,-46 23 28.7,338.4,0.1,WN7-8:,RC15 (DFN12),,,,,,,,,,,,Nan,13.44,10.95,Mercer 81,,11,DFN12
628,76-9,DFN12,Mercer 81-3,,,16 40 30.08,-46 23 11.4,338.4,0.1,WN7-8,DFN12,,,,,,,,,,,,Nan,12.97,10.82,Mercer 81,,11,DFN12
606,76-1,MDM11,MDM11 29,,,16 40 50.78,-45 51 23.1,338.84,0.41,WN9,MDM11,,,,,,,,,,,,14.84,12,10.42,,,,
174,77,VII,He3-1239,GSC 8330-4677,He3-1239,16 41 19.12,-48 01 59.60,337.26,-1.09,WC8+OB,CV90,"a, d.e.l.","CM89,CV90,SS90,VII",14.95,13.61,13,12.63,14.13,13.56,12.67,,,Nan,Nan,Nan,,Ara OB1b?,,
534,77-5,SFZ12,SFZ12 1115-197L,,,16 43 40.36,-45 57 57.5,339.08,-0.03,WN6,SFZ12,,,,,,,,18.2,16.73,14.59,,10.56,9.71,9.14,,,,
175,77-1,MV09,,,2MASS J16441069-4524246,16 44 10.69,-45 24 24.60,339.56,0.27,WN7; WN7b,MV10; RC15,,,,,,,,19.1,,15.5,,10.062,9.002,8.291,,,,
176,77aa,VIIA,HBD 4,NC-T,SHS J164646.3-454758,16 46 46.30,-45 47 58.00,339.56,-0.33,WC9d,"HBD05, CH06",,,,,,,,,,15.516,13.063,10.04,8.214,6.725,Westerlund 1,,5,CH06
177,77-2,MV09,,,2MASS J16465342-4535590,16 46 53.42,-45 35 59.00,339.72,-0.22,WN7,MV10,,,,,,,,,,,,10.751,9.525,8.729,,,,
178,77a,VIIA,,NC-Q,,16 46 55.55,-45 51 35.00,339.53,-0.39,WN6o,CH06,,,,,,,,,,,,11.72,10.67,10,Westerlund 1,,5,CH06
179,77b,VIIA,,NC-N,,16 46 59.90,-45 55 26.00,339.49,-0.44,WC9d,CH06,,,,,,,,,,16.9,13,9.691,7.842,6.407,Westerlund 1,,5,CH06
180,77c,VIIA,,NC-I,,16 47 00.88,-45 51 20.80,339.54,-0.4,WN8o,CH06,,,,,,,,,,17.336,14.34,10.89,9.57,8.86,Westerlund 1,,5,CH06
181,77d,VIIA,,NC-P,Wd1-57c,16 47 01.59,-45 51 45.50,339.536,-0.406,WN7o,CH06,,,,,,,,,,,,11.06,9.83,9.26,Westerlund 1,,5,CH06
182,77e,VIIA,,NC-J,,16 47 02.47,-45 51 00.10,339.547,-0.4,WN5h,CH06,,,,,,,,,,,,11.7,10.3,9.7,Westerlund 1,,5,CH06
183,77f,VIIA,,NC-S,Wd1-5,16 47 02.98,-45 50 20.00,339.56,-0.39,WN10-11h,CH06,,,,,,,,21.552,17.792,15.035,12.508,9.81,8.8,8.29,Westerlund 1,,5,CH06
184,77g,VIIA,,NC-K,,16 47 03.25,-45 50 43.80,339.552,-0.399,WC8,CH06,,,,,,,,,,,,11.81,10.4,9.53,Westerlund 1,,5,CH06
185,77h,VIIA,,NC-V,,16 47 03.81,-45 50 38.80,339.554,-0.399,WN8o,CH06,,,,,,,,,,,,10.75,9.42,8.76,Westerlund 1,,5,CH06
186,77i,VIIA,,NC-M,Wd1-66,16 47 03.96,-45 51 37.80,339.542,-0.41,WC9d,CH06,,,,,,,,,,16.906,13.949,10.13,7.64,6.9,Westerlund 1,,5,CH06
187,77j,VIIA,,NC-G,,16 47 04.01,-45 51 25.20,339.545,-0.408,WN7o,CH06,,,,,,,,,20.87,17.75,14.68,11.36,9.97,9.28,Westerlund 1,,5,CH06
188,77k,VIIA,,NC-L,Wd1-44,16 47 04.19,-45 51 07.40,339.549,-0.405,WN9h,CH06,,,,,,,,22.6,18.86,15.61,12.52,9.08,7.72,7.19,Westerlund 1,,5,CH06
189,77l,VIIA,,NC-H,,16 47 04.22,-45 51 20.20,339.546,-0.407,WC9d,CH06,,,,,,,,,,15.537,12.499,10.31,8.56,7.38,Westerlund 1,,5,CH06
190,77m,VIIA,,NC-C,,16 47 04.40,-45 51 03.80,339.55,-0.405,WC9d,NC05,,,,,,,,,,,,11.26,9.51,8.23,Westerlund 1,,5,CH06
191,77n,VIIA,,NC-F,Wd1-241,16 47 05.22,-45 52 25.00,339.535,-0.421,WC9d,CH06,,,,,,,,21.7,17.86,15.39,12.9,9.85,7.97,7.28,Westerlund 1,,5,CH06
192,77o,VIIA,,NC-B,Wd1-14c,16 47 05.36,-45 51 05.00,339.552,-0.407,WN7o,CH06,,,,,,,,,20.99,17.5,14.37,10.91,9.79,9.18,Westerlund 1,,5,CH06
193,77p,VIIA,,NC-E,,16 47 06.05,-45 52 08.20,339.54,-0.42,WC9,CH06,,,,,,,,,18.379,15.675,12.94,10.12,9.09,8.29,Westerlund 1,,5,CH06
194,77q,VIIA,,NC-R,,16 47 06.07,-45 50 22.60,339.562,-0.401,WN5o,CH06,,,,,,,,,,17.652,15.223,10.91,9.79,9.18,Westerlund 1,,5,CH06
195,77r,VIIA,,NC-D,,16 47 06.24,-45 51 26.50,339.549,-0.413,WN7o,CH06,,,,,,,,,,18.935,15.6,11.92,10.84,10.26,Westerlund 1,,5,CH06
196,77s,VIIA,GDTB 1,NC-U,,16 47 06.55,-45 50 39.00,339.56,-0.405,WN6o,CH06,,,,,,,,,19.69,16.59,13.68,Nan,Nan,Nan,Westerlund 1,,5,CH06
197,77sa,VIIA,GDTB 3,NC-W,,16 47 07.58,-45 49 22.20,339.578,-0.394,WN6h,CH06,,,,,,,,,,,,12.233,10.422,10.167,Westerlund 1,,5,CH06
198,77sb,VIIA,,NC-O,,16 47 07.66,-45 52 35.90,339.537,-0.429,WN6o,CH06,,,,,,,,,,16.886,14.047,11.63,8.814,8.332,Westerlund 1,,5,CH06
199,77sc,VIIA,,NC-A,Wd1-72,16 47 08.32,-45 50 45.50,339.562,-0.41,WN7b,CH06,,,,,,,,,19.69,16.59,13.68,Nan,Nan,Nan,Westerlund 1,,5,CH06
200,77sd,VIIA,GDTB 2,NC-X,,16 47 14.10,-45 48 32.00,339.6,-0.4,WN5o,CH06,,,,,,,,,,,,12.362,11.079,9.99,Westerlund 1,,5,CH06
607,77-3,MDM11,MDM11 30,,,16 47 46.03,-45 59 04.9,339.53,-0.58,WN6,MDM11,,,,,,,,,,,,11.12,9.84,9.1,,,,
608,77-4,MDM11,MDM11 31,,,16 48 27.58,-46 09 27.1,339.47,-0.79,WN5; WN6,MDM11; RC15,,,,,,,,,,,,14.14,11.85,10.59,,,,
201,77t,VIIA,HBD 5,,SHS J165057.6-434028,16 50 57.60,-43 40 28.00,341.66,0.47,WC9d,"HBD05, CH06",,,,,,,,,,,13,10.647,9.414,8.318,,,,
535,77-6,SFZ12,SFZ12 1138-133L,,,16 51 19.32,-43 26 55.3,341.88,0.56,WN6; WN6b,SFZ12; RC15,,,,,,,,,,,,13.56,11.93,10.95,,,,
536,77-7,SFZ12,SFZ12 1133-59L,,,16 51 29.69,-43 53 35.3,341.55,0.25,WC9,SFZ12,,,,,,,,,,,,14.73,13.46,12.06,,,,
202,78,VII,HD 151932,HIP 82543,HR 6249,16 52 19.25,-41 51 16.20,343.22,1.43,WN7h,SSM96,eclipse?,"BE89,MMH98,NG99a",,6.82,6.61,,6.12,6.76,6.48,,,5.441,5.269,4.978,NGC 6231-305:,Sco OB1,2,BV99
672,78-1,KSF14,1139-49EA,,,16 54 08.46,-43 49 25.3,-18.09,-0.073,WC6::,KSF14,,,,,,,,,,,,16.289,14.528,13.086,,,,
203,79,VII,HR 6265,HIP 82706,HD 152270,16 54 19.70,-41 49 11.50,343.49,1.16,WC7+O5-8,VI,"SB2, VB","SD87,SM89,LM96,MMH98,HaM99,NG99a",,6.96,6.95,,6.32,6.83,6.6,6.6,,5.963,5.81,5.389,NGC 6231-220,Sco OB1,2,BV99
204,79a,VII,HR 6272,HIP 82775,HD 152408,16 54 58.51,-41 09 03.10,344.08,1.49,WN9ha,BoC99,VB,"MG98,MMH98",,5.44,5.29,,5.18,5.98,5.81,,,5.148,5.09,4.904,NGC 6231-327,Sco OB1,2,BV99
205,79b,VII,,TYC 7880 313 1,HD 152386,16 55 06.45,-44 59 21.40,341.11,-0.94,WN9ha,BoC99,VB,MG98,,8.87,8.32,,8.16,8.66,8.14,,,6.764,6.617,6.475,KQ Sco group,,2.9,Tu79
206,80,VII,,,Wra 1581,16 59 02.20,-45 43 06.00,340.97,-1.93,WC9d,VI,,,,16.23,14.63,14.05,,,,,,Nan,Nan,Nan,,,,
207,81,VII,He3-1316,GSC 8327-0141,He3-1316,17 02 40.39,-45 59 15.50,341.15,-2.6,WC9,WH00,,,14.82,13.81,12.71,12.04,,,,10.9,,8.294,7.756,7.116,,,,
208,82,VII,Ls 11,GSC 8328-1231,,17 04 04.61,-45 12 15.00,341.92,-2.32,WN7(h),SSM96,,AB95,13.63,13.26,12.41,11.83,12.95,12.97,12.21,,,9.475,9.043,8.692,,,,
673,82-2,KSF14,1178-66B,,,17 07 23.95,-39 19 54.4,-13.024,0.738,WC9,KSF14,,,,,,,,,,,,12.494,11.124,10.259,,,,
537,82-1,SFZ12,SFZ12 1168-91L,,,17 09 32.64,-41 29 47.3,345.48,-0.88,WC7:,SFZ12,,,,,,,,,,,,15.13,13.43,11.84,,,,
209,83,VII,He 3-1344,MR 67,,17 10 54.50,-46 36 18.00,341.51,-4.11,WN5o,SSM96,,,13.86,13.59,12.8,12.43,,,,12.16,,10.264,9.889,9.528,,,,
538,83-1,SFZ12,SFZ12 1179-129L,,,17 11 00.84,-39 49 31.2,346.99,-0.12,WC6:,SFZ12,,,,,,,,,,,,15.26,13.89,12.81,,,,
210,84,VII,LS 12,GSC 7874-0307,The 3,17 11 21.70,-39 53 22.20,346.98,-0.21,WN7o,SSM96,,,15.28,14.66,13.6,12.78,,,,,,Nan,Nan,Nan,,,,
539,84-2,SFZ12,SFZ12 1181-82L,,,17 11 28.52,-39 13 16.8,347.53,0.17,WC8,SFZ12,,,,,,,,,,,,13.98,12.2,10.98,,,,
632,84-6,BGH12,[DBS2003] 179 #15,,,17 11 31.80,-39 10 46.8,347.574,0.186,WN8-9,BGH12,,,,,,,,,,,,12.5,10.53,9.57,[DBS2003] 179,,7.9,BGH12
631,84-7,BGH12,[DBS2003] 179 #4,,,17 11 31.88,-39 10 46.9,347.574,0.185,Ofpe/WN9,BGH12,,,,,,,,,,,,12.08,10.14,9.18,[DBS2003] 179,,7.9,BGH12
609,84-1,MDM11,MDM11 32,[DBS2003] 179 #20,,17 11 33.03,-39 10 39.7,347.578,0.184,WN8-9; WN9,"MDM1, BGH12; RC15",,,,,,,,,,,,12.37,10.43,9.19,[DBS2003] 179,,7.9,BGH12
540,84-3,SFZ12,SFZ12 1181-81L,,,17 11 36.12,-39 11 07.9,347.58,0.17,WC8,SFZ12,,,,,,,,,,,,13.35,12.08,10.84,,,,
541,84-4,SFZ12,SFZ12 1181-211L,,,17 11 46.14,-39 20 27.7,347.47,0.05,WN7; WN7ha,SFZ12; RC15,,,,,,,,20.75,17.7,16.33,,10.88,10,9.49,,,,
674,84-11,KSF14,1176-B49,,,17 12 34.87,-40 37 13.8,-13.471,-0.827,WN9h,KSF14,,,,,,,,,,,,12.661,11.218,10.409,,,,
542,84-5,SFZ12,SFZ12 1189-110L,,,17 14 09.56,-38 11 20.9,348.68,0.35,WC9,SFZ12,,,,,,,,,,,,14.34,12.78,11.59,,,,
649,84-8,CBB12,VVV CL099-4,,,17 14 24.71,-38 09 49.35,348.73,0.33,WN6+O,CBB12,,,,,,,,,,,,12.62,10.93,9.91,VVV CL099,,4,
650,84-9,CBB12,VVV CL099-5,,,17 14 25.42,-38 09 50.40,348.73,0.33,WN6,CBB12,,,,,,,,,,,,13.43,11.7,10.64,VVV CL099,,4,
651,84-10,CBB12,VVV CL099-7,,,17 14 25.66,-38 09 53.72,348.73,0.32,WC8,CBB12,,,,,,,,,,,,11.67,10.06,9.26,VVV CL099,,4,
211,85,VII,HD 155603B,TYC 7874 1219,LSS 3982,17 14 27.13,-39 45 47.00,347.43,-0.61,WN6h,SSM96,"d.e.l., VB","HH88,CM89,Hip97,VII",11.37,11.17,10.6,10.21,10.64,10.96,10.4,,,8.2,7.943,7.475,HD 155603 group?,,1.8,MF77
675,85-1,KSF14,1198-6EC8,,,17 15 55.9,-37 19 12.0,-10.413,0.575,WC6::,KSF14,,,,,,,,,,,,16.152,14.681,13.467,,,,
212,86,VII,,HIP 84655,HD 156327,17 18 23.06,-34 24 30.60,352.25,1.85,WC7 (+B0III-I),NS98,"SB1?, VB","JB63,HH88,ML88,CM89,SS90,GV91,NS98,NG99a,VII",10.47,10.06,9.63,9.36,9.83,10.1,9.29,,,7.436,7.136,6.666,,,,
214,88,VII,The 1,,The 1,17 18 49.50,-33 57 39.80,352.67,2.04,WC9,WH00,,,15.02,14.25,13.25,12.44,,,,11.8,,9.033,8.564,8.052,,Anon. Sco OB?,,
213,87,VII,LSS 4064,GSC 7870-1223,,17 18 52.89,-38 50 04.50,348.69,-0.77,WN7h+abs,SSM96,"a, d.e.l.","CM89,VII",15.12,14.08,12.5,11.44,13.93,13.55,11.96,,,7.981,7.452,7.085,HM 1,Anon. Sco OB,2.9,HM77
215,89,VII,LSS 4065,HIP 84716,AS 223,17 19 00.52,-38 48 51.20,348.72,-0.78,WN8h+abs,SSM96,"a, d.e.l., VB","CM89,Hip97,VII",13.62,12.72,11.5,10.54,13.01,12.5,11.03,,,7.385,6.963,6.578,HM 2,Anon. Sco OB,2.9,HM77
216,90,VII,,HIP 84757,HD 156385,17 19 29.90,-45 38 23.80,343.16,-4.76,WC7,VI,,NG99a,,7.33,7.45,7.48,6.54,7.17,6.96,,,6.251,6.09,5.52,,,,
217,91,VII,StSa 1,,,17 20 22.00,-38 56 47.00,348.76,-1.07,WN7b,SSM96,,,,17.26,15.76,14.3,,,,,,9.532,8.765,8.199,,,,
218,91-1,SM09,SMG09 1222_15,,2MASS J17224074-3504529,17 22 40.74,-35 04 52.90,352.2,0.74,WC8; WC7,SMG09; RC15,,,,,,,,,,,,15.11,12.05,10.33,,,,
220,93,VII,Th10-19,GSC 7383-0162,HD 157504,17 25 08.88,-34 11 12.80,353.23,0.83,WC7+O7-9,HH88,SB2?,"LS84,LT84,CM89,SS90,VII",13.48,12.58,11.46,10.55,12.8,12.1,10.68,,,7.036,6.533,5.865,Pi 24:,,2.5,MA01
219,92,VII,,TYC 7895 1089,HD 157451,17 25 23.15,-43 29 31.90,345.54,-4.42,WC9,WH00,,,10.71,10.5,10.43,10.5,10,10.62,10.33,,,9.503,9.222,8.822,,,,
221,93a,VII,Th3-28,,Th3-28,17 30 56.80,-26 59 10.00,359.92,3.78,WN2.5-3; WN6; WN6h,AS90; Mis13; RC17,,,,13.9,13.9,,,18.7,,16.9,,13.883,13.221,12.717,,,,
222,93b,VIIA,DBU 1,,,17 32 03.30,-35 04 32.50,353.27,-0.85,WO3,DBU04,,,,,,,,16.9,,14.4,,11.331,10.555,10.17,,,,
223,94,VII,HD 158860,GSC 7380-0394,,17 33 07.14,-33 38 23.70,354.6,-0.25,WN5o,SSM96,,,,13.01,12.27,,,,,,,7.091,6.188,5.913,,,,
543,94-1,SFZ12,SFZ12 1245-23L,,,17 33 33.22,-32 36 16.4,355.52,0.24,WC9,SFZ12,,,,,,,,,,,,15.99,12.59,10.76,,,,
224,95,VII,He3-1434,,He3-1434,17 36 19.76,-33 26 10.90,355.13,-0.7,WC9d,VI,,,16.62,15.29,14,13.35,16.01,15.15,13.38,,,8.29,6.67,5.27,Tr 27-28:,,2.5,MA01
225,96,VII,,,LSS 4265,17 36 24.20,-32 54 29.00,355.58,-0.43,WC9d,HH88,,,,15.15,14.14,,,,,,,Nan,Nan,Nan,,,,
226,97,VII,HDE 320102,HIP 86197,,17 36 53.62,-34 02 36.80,354.68,-1.12,WN5b+O7,SSM96,SB2,"SM89,NC95,NR96,LM96,MMH98",12.3,11.82,11.14,10.62,11.51,11.73,10.85,,,8.502,8.215,8.009,,,,
227,98,VII,HDE 318016,GSC 7380-0192,,17 37 13.75,-33 27 55.90,355.21,-0.87,WN8o/C7,SSM96,SB1,"Ni91,MMEv98",,13.59,12.51,,13.71,13.22,11.85,,,8.091,7.548,7.045,Tr 27-105?,,2.5,MA01
676,98-2,KSF14,1256-1483A,,,17 40 59.35,-32 11 22.3,-3.292,-0.86,WN9,KSF14,,,,,,,,,,,,13.98,12.46,11.86,,,,
228,98a,VII,,,IRAS 17380-3031,17 41 12.90,-30 32 29.00,358.13,-0.03,WC8-9vd+?,CH91,CWB,"WC95,Mo99,MT99,TMD02,Wi02",,19.7,19.7,,,,,,,9.14,6.51,4.33,,,,
544,98-1,SFZ12,SFZ12 1269-166L,,,17 41 13.51,-30 03 41.1,358.54,0.22,WC8,SFZ12,,,,,,,,,,,,13.52,11.7,10.56,,,,
229,100,VII,HDE 318139,GSC 7381-1214,,17 42 09.77,-32 33 24.70,356.53,-1.26,WN7b,SSM96,,,,14.61,13.44,,,,,11.2,,8.846,8.272,7.715,,,,
545,100-3,SFZ12,SFZ12 1275-184L,,,17 44 06.89,-30 01 13.2,358.9,-0.29,WN8,SFZ12,,,,,,,,,,,,13.9,11.52,10.17,,,,
230,100-2,MC10,MC10 2,,G359.717-0.044,17 45 06.91,-29 12 02.1,359.717,-0.044,WC9?d,MC10,,,,,,,,,,,,16.842,13.526,11.112,,,,
231,100-1,MM10,,,CXOGC J174508.9-291218,17 45 08.90,-29 12 18.00,359.72,-0.05,WN7; WN7b,MM10; RC15,,,,,,,,,,,,15.12,12.61,11.08,,,,
232,101,VII,DA 3,,DA 3,17 45 09.10,-31 50 16.00,357.47,-1.43,WC8,HH88,,,,17.9,16.4,,,,,13.1,,9.623,8.779,7.886,,,,
233,101-7,MC10,MCD10 4,,G359.74-0.090,17 45 09.74,-29 14 14.6,359.691,-0.072,WC9?d,MC10,,,,,,,,,,,,15.555,13.019,11.14,,,,
234,101-2,MM10,,,CXOGC J174516.1-284909,17 45 16.10,-28 49 09.0,0.0597,0.127,WN9,MM10,,,,,,,,,,,,11.49,9.172,7.888,,,,
235,101-3,MM10,,,CXOGC J174516.7-285824,17 45 16.70,-28 58 24.00,359.93,0.04,WN7-8h; WN8o,MM10; RC15,,,,,,,,,,,,16.67,13.08,11.09,,,,
236,101-4,MM10,,,CXOGC J174519.1-290321,17 45 19.16,-29 03 21.78,359.86,-0.01,WC9d,MM10,,,,,,,,,,,,17.1,13.3,10.4,,,,
237,101-8,MC10,MCD10 3,,G359.746-0.090,17 45 21.85,-29 11 59.5,359.746,-0.09,WC9,MC10,,,,,,,,,,,,Nan,14.672,12.703,,,,
238,101-5,MM10,,,CXOGC J174522.6-285844,17 45 22.60,-28 58 44.00,359.94,0.02,WN5-6b; WN6b,MM10; RC15,,,,,,,,,,,,Nan,15.21,12.22,,,,
239,101-6,MM10,,,CXOGC J174528.6-285605,17 45 28.60,-28 56 05.00,359.98,0.03,WN8-9h,MM10,,,,,,,,,,,,14.46,11.46,9.72,,,,
240,101-9,MC10,MCD10 8,,G359.866-0.062,17 45 32.48,-29 04 58.2,359.866,-0.062,WC9,MC10,,,,,,,,,,,,Nan,14.621,12.016,,,,
241,101-1,ME06,Edd-1,,CXOGC J174536.1-285638,17 45 36.12,-28 56 38.70,359.99,-0.001,WN8-9h; WN9h,MM10; RC15,,,,,,,,,,,,15.55,12.26,10.42,,,,
625,101ai,VIIa,PGM06 E81,AFNWNW,,17 45 39.306,-29 00 30.68,359.942,-0.0442,WN7,PGM06,,,,,,,,,,,,Nan,Nan,12.6,Galactic Centre,,8,
242,101a,VII,BSD 1,PGM06 E82,MPE-8.3-5.7,17 45 39.382,-29 00 33.43,359.942,-0.045,WC9; WC8-9,BSD95; PGM06,,,,,,,,,,,,Nan,Nan,12.98,Galactic Center,,8,Re93
243,101b,VII,KGE 1,AF-NW,PGM06 E74,17 45 39.458,-29 00 31.67,359.942,-0.045,WN9-11; WN8,KGE95; PGM06,,,,,,,,,,,,Nan,Nan,11.83,Galactic Center,,8,Re93
244,101c,VII,KGE 2,AF,PGM06 E79,17 45 39.541,-29 00 35.01,359.942,-0.046,WN9-11; Ofpe/WN9,KGE95; PGM06,,,,,,,,,,,,Nan,Nan,10.98,Galactic Center,,8,Re93
245,101d,VII,KGE 3,,GC IRS 6E,17 45 39.643,-29 00 27.33,359.944,-0.045,WC9,KGE95,,,,,,,,,,,,Nan,Nan,9.55,Galactic Center,,8,Re93
246,101da,VIIA,PGM 1 (E60),,,17 45 39.708,-29 00 29.75,359.943,-0.045,WN7?,PGM06,,,,,,,,,,,,Nan,Nan,12.6,Galactic Center,,8,Re93
247,101db,VIIA,PGM 2 (E56),,GC IRS 34W,17 45 39.731,-29 00 26.51,359.944,-0.045,Ofpe/WN9,PGM06,,,,,,,,,,,,Nan,Nan,11.6,Galactic Center,,8,Re93
248,101dc,VIIA,GC IRS 7SW,PGM E66,MES05 WR1,17 45 39.739,-29 00 23.17,359.945,-0.044,WN8-9; WN8,MES05; PGM06,,,,,,,,,,,,Nan,Nan,12,Galactic Center,,8,Re93
249,101dd,VIIA,PGM 3 (E61),,GC IRS 34NW,17 45 39.756,-29 00 25.25,359.944,-0.045,WN7,PGM06,,,,,,,,,,,,Nan,Nan,12.8,Galactic Center,,8,Re93
250,101de,VIIA,MPS 1,,GC IRS 13E5,17 45 39.78,-29 00 29.65,359.943,-0.046,WCLd?,MPS04,,,,,,,,,,,,Nan,Nan,11.9,Galactic Center,,8,Re93
251,101df,VIIA,MPS 2,,GC IRS 13E3B,17 45 39.79,-29 00 29.59,359.943,-0.046,WCLd?,MPS04,,,,,,,,,,,,Nan,Nan,13.07,Galactic Center,,8,Re93
253,101dh,VIIA,MPS 3,PGM06 E49,GC IRS 13E3A,17 45 39.796,-29 00 29.63,359.943,-0.046,WCLd?,MPS04; PGM06,,,,,,,,,,,,Nan,Nan,13,Galactic Center,,8,Re93
254,101di,VIIA,MPS 4,PGM06 E48,GC IRS 13E4,17 45 39.797,-29 00 29.52,359.943,-0.046,WC8-9; WC9,MPS04; PGM06,,,,,,,,,,,,Nan,Nan,11.7,Galactic Center,,8,Re93
257,101e,VIIa,KGE 5,PGM06 E51,GC IRS 13E2,17 45 39.801,-29 00 29.84,359.944,-0.046,WN9-10+?; WN8,KGE05; PGM06,,,,,,,,,,,,Nan,Nan,10.8,Galactic Center,,8,Re93
256,101ea,VIIA,EML 1,,GC IRS 13E3c,17 45 39.808,-29 00 29.48,359.943,-0.046,WCLd?,EML04,,,,,,,,,,,,Nan,Nan,12.49,Galactic Center,,8,Re93
255,101f,VII,GC IRS 7W,PGM06 E68,KGE 04; MES05 WR2,17 45 39.853,-29 00 22.11,359.945,-0.045,WN9-10; WC9,KGE05; PGM06,,,,,,,,,,,,Nan,Nan,10.8,Galactic Center,,8,Re93
258,101fa,VIIA,HET 1,PGM06 E58,GC IRS 3E,17 45 39.868,-29 00 24.30,359.945,-0.045,WC5-6d,HET04; PGM06,,,,,,,,,,,,Nan,Nan,15,Galactic Center,,8,Re93
259,101g,VII,KGE 6,PGM06 E31,GC IRS 29N,17 45 39.918,-29 00 26.69,359.944,-0.045,WC9,KGE95,,,,,,,,,,,,Nan,Nan,10,Galactic Center,,8,Re93
261,101i,VII,GC IRS 15SW,PGM06 E83,KGE 08; MES05 WR3,17 45 39.92,-29 00 18.08,359.947,-0.044,WN9-11; WN8-WC9,KGE95; PGM06,,,,,,,,,,,,Nan,Nan,12,Galactic Center,,8,Re93
260,101h,VII,KGE 7,GC IRS 29NE1,PGM06 E35,17 45 39.965,-29 00 26.04,359.945,-0.046,WC9; WC8-9,KGE95; PGM06,,,,,,,,,,,,Nan,Nan,11.7,Galactic Center,,8,Re93
262,101j,VII,KGE 9,PGM06 E19,GC IRS 16NW,17 45 40.042,-29 00 26.89,359.944,-0.046,WN9-11; Ofpe/WN9,KGE95; PGM06,,,,,,,,,,,,Nan,Nan,10,Galactic Center,,8,Re93
263,101ja,VIIA,PGM 4 (E41),,GC IRS 33E,17 45 40.090,-29 00 31.22,359.944,-0.047,Ofpe/WN9,PGM06,,,,,,,,,,,,Nan,Nan,10.1,Galactic Center,,8,Re93
264,101k,VII,KGE 10,PGM06 E23,GC IRS 16SW,17 45 40.120,-29 00 29.08,359.944,-0.046,WN9-11+?; Ofpe/WN9,KGE05; PGM06,eclipse,"TW96,OE99",,,,,,,,,,Nan,Nan,9.9,Galactic Center,,8,Re93
265,101l,VII,KGE 11,PGM06 E20,GC IRS 16C,17 45 40.126,-29 00 27.62,359.944,-0.046,WN9-11; Ofpe/WN9,KGE95; PGM06,,,,,,,,,,,,Nan,11.99,9.7,Galactic Center,,8,Re93
266,101m,VII,KGE 12,PGM06 E88,GC IRS 15NE,17 45 40.145,-29 00 16.42,359.947,-0.045,WN9-11; WN8-9,KGE95; PGM06,,,,,,,,,,,,Nan,Nan,11.8,Galactic Center,,8,Re93
267,101ma,VIIA,PGM 5 (E71),,,17 45 40.161,-29 00 21.61,359.946,-0.046,WC8-9?,PGM06,,,,,,,,,,,,Nan,Nan,14.1,Galactic Center,,8,Re93
268,101n,VII,KGE 13,PGM06 E32,GC IRS 16SE1,17 45 40.181,-29 00 29.25,359.944,-0.047,WC9; WC8-9,KGM95; PGM06,,,,,,,,,,,,Nan,Nan,10.9,Galactic Center,,8,Re93
269,101na,VIIA,TGM05 21,BSD96-81,GC IRS 21,17 45 40.221,-29 00 30.84,359.944,-0.047,WCLd?,TGM05,,,,,,,,,,,,Nan,Nan,10.55,Galactic Center,,8,Re93
271,101nc,VIIA,PGM 7 (E65),,GC IRS 9W,17 45 40.257,-29 00 33.72,359.943,-0.048,WN8,PGM06,,,,,,,,,,,,Nan,Nan,12.1,Galactic Center,,8,Re93
272,101nd,VIIA,PGM 8 (E39),,GC IRS 16NE,17 45 40.259,-29 00 27.07,359.945,-0.047,Ofpe/WN9,PGM06,,,,,,,,,,,,Nan,Nan,8.9,Galactic Center,,8,Re93
273,101o,VII,KGE 14,PGM06 E40,GC IRS 16SE2,17 45 40.264,-29 00 29.29,359.944,-0.047,WC9; WN5-6,KGE95; PGM06,,,,,,,,,,,,Nan,Nan,12,Galactic Center,,8,Re93
274,101oa,VIIA,PMM 1 (B9),HeI N3,PGM06 E59,17 45 40.264,-29 00 24.64,359.945,-0.046,WR; WC9,PMM01; PGM06,,,,,,,,,,,,Nan,Nan,13,Galactic Center,,8,Re93
275,101ob,VIIA,PGM 9 (E76),,GC IRS 9SW,17 45 40.366,-29 00 36.13,359.943,-0.048,WC9,PGM06,,,,,,,,,,,,Nan,Nan,13.1,Galactic Center,,8,Re93
276,101oc,VIIA,PMM 2,PGM06 E70,GC IRS 7E2 (ESE),17 45 40.369,-29 00 22.76,359.946,-0.046,WR; Ofpe/WN9,PMM01; PGM06,,,,,,,,,,,,Nan,Nan,12.9,Galactic Center,,8,Re93
277,101od,VIIA,TGM05 3,,GC IRS 5,17 45 40.4,-29 00 16,359.948,-0.045,WCLd?,TGM05,,,,,,,,,,,,Nan,Nan,Nan,Galactic Center,,8,Re93
278,101oe,VIIA,TGM05 1W,BSD96-92,GC IRS 1W,17 45 40.442,-29 00 27.53,359.945,-0.047,WCLd?,TGM05,,,,,,,,,,,,Nan,Nan,8.72,Galactic Center,,8,Re93
279,101of,VIIA,PGM 10 (E80),,GC IRS 9SE,17 45 40.471,-29 00 36.27,359.943,-0.049,WC9,PGM06,,,,,,,,,,,,Nan,Nan,11.7,Galactic Center,,8,Re93
280,101og,VIIA,TGM05 10W,BSD96-94,GC IRS 10W,17 45 40.49,-29 00 22.8,359.946,-0.047,WCLd?,TGM05,,,,,,,,,,,,Nan,Nan,10.25,Galactic Center,,8,Re93
281,101oh,VIIA,PGM 11 (E72),,,17 45 40.551,-29 00 28.60,359.945,-0.048,WC9,PGM06,,,,,,,,,,,,Nan,Nan,13.6,Galactic Center,,8,Re93
282,101oi,VIIA,PMM 3 (B1),HeI N1,PGM06 E78,17 45 40.760,-29 00 27.79,359.946,-0.048,WR; WC9,PMM01; PGM06,,,,,,,,,,,,Nan,Nan,13,Galactic Center,,8,Re93
283,101p,VIIA,HBP 1,,,17 45 42.47,-28 52 53.3,0.06,0.01,WC8-9; WC8,HBP03; RC15,,,,,,,,,,,,16.324,13.045,11.197,,,,
284,102,VII,Sand 4,,Sand 4,17 45 47.00,-26 10 29.00,2.38,1.41,WO2,CDB98,,,,15.87,15.1,14.72,,,14,,,Nan,Nan,Nan,,,,
286,102-12,MC10,MC10 11,WR102aaa,G0.114+0.021,17 45 48.48,-28 49 40.5,0.114,0.021,WN8-9h; WN9,MC10; RC15,,,,,,,,,,,,Nan,13.612,11.136,,,,
285,102a,VII,CSE 1,,CSE 1,17 45 48.55,-28 50 05.9,0.108,0.018,WN8,CS99,,,,,,,,,,,,Nan,Nan,11.15,Arches?,,8,Re93
287,102aa,VIIA,NWS95-1,"CEC96-13, LJG05-AR10","BSP01-34, FNG02-2",17 45 49.69,-28 49 25.8,0.12,0.019,WN9,LG01,,,,,,,,,,,,Nan,Nan,11.18,Arches,,8,Re93
288,102ab,VIIA,BSP01-30,FNG02-10,,17 45 50.06,-28 49 26.5,0.12,0.018,WN7; O4-6If+,BSP01; MHP08,,,,,,,,,,,,16.86,13.33,11.14,Arches,,8,Re93
289,102ac,VIIA,BSP01-29,FNG02-17,,17 45 50.13,-28 49 27.2,0.12,0.018,WN7,BSP01,,,,,,,,,,,,17.64,14.05,11.85,Arches,,8,Re93
290,102-4,MM10,WR102aca,,CXOGC J174550.2-284911,17 45 50.20,-28 49 11.00,0.124,0.02,WN8-9h,MM10,,,,,,,,,,,,15.24,12.16,10.47,,,,
291,102ad,VIIA,NWS95-4,CEC06-9; LGR01-AR3,BSP01-28; FNG02-1,17 45 50.20,-28 49 22.3,0.121,0.019,WN9; WN8-9h,NWS95; MHP08,,,,,,,,,,,,15.86,12.44,10.34,Arches,,8,Re93
292,102ae,VIIA,NWS95-5,CEC96-1,FNG02-9,17 45 50.26,-28 49 11.8,0.124,0.02,WN9; WN8-9h,NWS95; MHP08,,,,,,,,,,,,15.43,12.39,10.62,Arches,,8,Re93
293,102af,VIIA,NWS95-6,CEC96-3,BSP01-25; FNG02-12,17 45 50.27,-28 49 17.3,0.123,0.019,WN9; WN7-8h,NWS95; MHP08,,,,,,,,,,,,15.97,12.81,10.88,Arches,,8,Re93
302,102-13,MC10,MC10 19,,G0.007-0.052,17 45 50.29,-28 57 26.2,0.007,-0.052,WC9,MC10,,,,,,,,,,,,15.801,12.933,11.339,,,,
294,102ag,VIIA,NWS95-7,CEC96-6; LGR01-AR2,BSP01-24; FNG02-8,17 45 50.38,-28 49 21.3,0.122,0.018,WN9; WN8-9h,NWS95; MHP08,,,,,,,,,,,,15.67,12.45,10.46,Arches,,8,Re93
297,102ah,VIIA,NWS95-8; CXOGC 174550.4-284922,CEC96-8; LGR01-AR1,BSP01-23; FNG02-6,17 45 50.42,-28 49 22.3,0.122,0.018,WN9; WN8-9h,NWS95; MHP08,,,,,,,,,,,,15.23,12.02,10.07,Arches,,8,Re93
298,102ai,VIIA,NWS95-9,LGR01-AR8,BSP01-22; FNG02-5,17 45 50.45,-28 49 31.9,0.12,0.016,WN9; WN8-9h,NWS95; MHP08,,,,,,,,,,,,Nan,Nan,10.86,Arches,,8,Re93
299,102aj,VIIA,NWS95-10; CXOGC J174550.4-284919,CEC96-5; LGR01-AR4,BSP01-21; FNG02-7,17 45 50.47,-28 49 19.5,0.123,0.018,WN9; WN8-9h,NWS95; MHP08,,,,,,,,,,,,15.21,12.14,10.28,Arches,,8,Re93
300,102ak,VIIA,BSP01-19,FNG02-16,,17 45 50.52,-28 49 20.7,0.122,0.018,WN6-7; WN8-9h,BSP01; MHP08,,,,,,,,,,,,16,12.98,11.15,Arches,,8,Re93
301,102al,VIIA,NWS95-11,CEC96-2; LGR01-AR5,BSP01-17; FNG02-4,17 45 50.56,-28 49 17.6,0.123,0.018,WN9; WN7-8h,NWS95; MHP08,,,,,,,,,,,,15.11,12.08,10.24,Arches,,8,Re93
303,102-5,MM10,WR102am,,CXOGC J174550.6-285617,17 45 50.60,-28 56 17.00,0.02,-0.04,WN7,MM10,,,,,,,,,,,,15.44,12.48,10.85,,,,
304,102b,VII,CSE 2,,CXOGC J174550.6-285919,17 45 50.63,-28 59 19.80,359.98,-0.07,WN7; WN7b,MM10a; RC15,,,,,,,,,,,,Nan,Nan,Nan,,,8,Re93
305,102ba,VIIA,CEC96-7,BSP01-12,FNG02-14,17 45 50.67,-28 49 22.6,0.122,0.017,WN7; WN8-9h,CEC96; MHP08,,,,,,,,,,,,15.83,12.82,10.96,Arches,,8,Re93
306,102bb,VIIA,NWS95-14,CEC96-11; LGR01-AR7,BSP01-3; FNG02-3,17 45 50.82,-28 49 26.4,0.122,0.016,WN9; WN8-9h,NWS95; MHP08,,,,,,,,,,,,15.57,12.35,10.36,Arches,,8,Re93
307,102bc,VIIA,CEC96-10,BSP01-1,,17 45 51.45,-28 49 25.7,0.123,0.014,WN7; WN8-9h,CEC96; MHP08,,,,,,,,,,,,Nan,Nan,11.38,Arches,,8,Re93
308,102-14,MC10,MC10 12,,G0.124+0.007,17 45 53.18,-28 49 36.0,0.124,0.006,WN8-9h,MC10,,,,,,,,,,,,15.367,12.535,11.003,,,,
309,102-6,MM10,,,CXOGC J174555.3-285126,17 45 55.30,-28 51 26.00,0.102,-0.015,WN5-6b,MM10,,,,,,,,,,,,14.76,12.4,10.84,,,,
310,102bd,VIIA,HBP 2,,,17 45 57.78,-28 54 46.10,0.059,-0.052,WC8-9; WC9,HBP03; RC15,,,,,,,,,,,,Nan,13.471,11.492,,,,
311,102-15,MC10,MC10 14,,G0.076-0.062,17 46 02.48,-28 54 12.8,0.076,-0.062,WC9,MC10,,,,,,,,,,,,16.396,13.478,11.608,,,,
313,102c,VII,qF353E,,FMM 96-1,17 46 11.20,-28 49 05.60,0.165,-0.044,"WN6, WN6(h?)","FMM99, BOH08",,,,,,,,,,,,Nan,Nan,11.53,Quintuplet,,8,Re93
314,102ca,VIIA,HBP 3,,,17 46 13.04,-28 49 25.40,0.164,-0.053,WC8-9,HBP03,,,,,,,,,,,,Nan,Nan,10.4,Quintuplet,,8,Re93
315,102d,VII,qF320,,LHO09-158,17 46 14.05,-28 49 16.6,0.168,-0.055,WN9,FMM95; LHO09,,,,,,,,,,,,Nan,Nan,10.5,Quintuplet,,8,Re93
317,102da,VIIA,qF243,Q1; GCS 3-4,LHO09-75,17 46 14.14,-28 49 36.9,0.163,-0.058,WCLd; WC9?d,FMM96; LHO09,,,,,,,,,,,,Nan,Nan,7.9,Quintuplet,,8,Re93
626,102-2,LHO09,LHO09-76,,,17 46 14.15,-28 49 35.4,0.163,-0.058,WC9d,LHO09,,,,,,,,,,,,Nan,Nan,10.3,Quintuplet,,8,Re93
318,102db,VIIA,qF258,Q9; GCS 3-3,LHO09-102,17 46 14.33,-28 49 31.4,0.165,-0.058,WCLd; WC9?d,FMM96; LHO09,,,,,,,,,,,,Nan,Nan,9.2,Quintuplet,,8,Re93
319,102dc,VIIA,qF231,Q2; GCS 3-2,LHO09-42,17 46 14.70,-28 49 41.0,0.163,-0.061,WC7-8d+OB; WC9d+OB,TM06; LHO09,,,,,,,,,,,,Nan,Nan,6.7,Quintuplet,,8,Re93
320,102dd,VIIA,qF251,Q4; CS 3-1,LHO09-84,17 46 14.80,-28 49 34.2,0.165,-0.06,WCLd; WC9d,FMM96; LHO09,,,,,,,,,,,,Nan,Nan,7.8,Quintuplet,,8,Re93
321,102e,VII,qF151,,FMM 96-2,17 46 14.90,-28 50 00.80,0.159,-0.064,WC8,FMM96,,,,,,,,,,,,Nan,13.202,10.41,Quintuplet,,8,Re93
322,102ea,VIIA,qF241,Q10,LHO09-71,17 46 15.13,-28 49 37.0,0.165,-0.061,WN9,FMM96; LHO09,,,,,,,,,,,,Nan,Nan,8.8,Quintuplet,,8,Re93
323,102f,VII,qF235N,Q11,LHO09-47,17 46 15.14,-28 49 40.0,0.165,-0.062,WC<8+?; WC8,FM96; LHO09,var.,GM99,,,,,,,,,,Nan,Nan,10.4,Quintuplet,,8,Re93
324,102g,VII,qF235S,FMM99-1,LHO99-34,17 46 15.16,-28 49 41.9,0.164,-0.062,WC<8; WC8,FMM99; LHO09,,,,,,,,,,,,Nan,Nan,15.16,Quintuplet,,8,Re93
627,102-3,LHO09,qF250,Q6,LHO09-79,17 46 15.39,-28 49 34.6,0.165,-0.064,WC9d,LHO09,,,,,,,,,,,,Nan,Nan,9.3,Quintuplet,,8,Re93
326,102h,VII,qF76,,FMM 95-2,17 46 15.60,-28 50 18.60,0.156,-0.069,WC9,FMM95,,,,,,,,,,,,Nan,Nan,11.44,Quintuplet,,8,Re93
327,102ha,VIIA,qF211,Q3; GCS 4,LHO99-19,17 46 15.85,-28 49 45.6,0.164,-0.065,WCLd+OB; WC8-9d+OB,TM06; LHO09,,,,,,,,,,,,Nan,Nan,7.2,Quintuplet,,8,Re93
328,102hb,VIIA,qF240,Q8,LHO09-67,17 46 15.92,-28 49 37.6,0.166,-0.064,WN9,FMM96; LHO09,,,,,,,,,,,,Nan,Nan,9.6,Quintuplet,,8,Re93
329,102i,VII,qF256,,LHO09-99,17 46 16.54,-28 49 31.5,0.169,-0.065,WN9+?; WN9,FMM96; LHO09,var.,GM99,,,,,,,,,,14.607,11.668,10.221,Quintuplet,,8,Re93
330,102-16,MC10,MC10 16,,,17 46 17.57,-28 53 03.7,0.121,-0.099,WN8-9h,MC10,,,,,,,,,,,,14.972,12.053,10.459,,,,
331,102j,VII,qF274,,FMM 96-5,17 46 17.60,-28 49 29.20,0.172,-0.068,WN9,FMM96,,,,,,,,,,,,14.66,11.772,10.41,Quintuplet,,8,Re93
332,102k,VII,qF309,,FMM 96-6,17 46 17.60,-28 49 18.90,0.174,-0.066,WC<8,FMM96,,,,,,,,,,,,Nan,Nan,11.6,Quintuplet,,8,Re93
333,102-7,MM10,WR102kaa,,CXOGC J174617.7-285007,17 46 17.70,-28 50 07.00,0.163,-0.074,WC9d,MM10,,,,,,,,,,,,13.99,10.37,7.84,,,,
334,102ka,VIIA,HBP 4,Peony nebula star,,17 46 18.12,-29 01 36.50,0.0001,-0.174,WN10,"HBP03, OSH13",,,,,,,,,,,,12.978,10.267,8.84,,,,
335,102-17,MC10,MC10 17,,G0.202-0.076,17 46 23.72,-28 48 11.6,0.202,-0.076,WN5b; WN6b,MC10; RC15,,,,,,,,,,,,16.33,13.265,11.434,,,,
336,102-1,HT08,,,CXOGC J174645.3-281546,17 46 45.34,-28 15 46.10,0.705,0.137,WC?,HT08,,,,,,,,,,,,Nan,Nan,Nan,,,,
337,102-8,MM10,,,CXOGC J174656.3-283232,17 46 56.30,-28 32 32.00,0.487,-0.042,WN8-9h; WN9h,MM10; RC15,,,,,,,,,,,,Nan,13.74,11.24,,,,
312,102-18,MC10,MC10 15,,G0.071-0.096,17 46 9.73,-28 55 31.9,0.071,-0.097,WN8-9h,MC10,,,,,,,,,,,,14.984,12.273,10.788,,,,
338,102-9,MM10,,,CXOGC J174711.4-283006,17 47 11.40,-28 30 06.00,0.55,-0.068,WN8-9h; WN9h,MM10; RC15,,,,,,,,,,,,16.56,12.573,10.467,,,,
339,102-10,MM10,,,CXOGC J174712.4-283121,17 47 12.40,-28 31 21.00,0.534,-0.082,WN7-8h; WN8o,MM10; RC15,,,,,,,,,,,,17.06,13.07,10.78,,,,
340,102-11,MM10,,,CXOGC J174713.0-282709,17 47 13.00,-28 27 09.00,0.595,-0.048,WN7-8h,MM10,,,,,,,,,,,,Nan,13.828,11.621,,,,
546,102-19,SFZ12,SFZ12 1322-220L,,,17 55 20.21,-24 07 38.2,5.24,0.6,WN5,SFZ12,,,,,,,,19.93,,16.8,,11.84,10.95,10.32,,,,
677,102-23,KSF14,1319-3BC0,,,17 57 16.87,-25 23 13.8,4.376,-0.416,WC7:,KSF14,,,,,,,,,,,,14.885,12.717,11.462,,,,
668,102-22,FSZ14,WR1327-14AF,,,17 59 02.27,-24 17 00.1,5.531,-0.209,WC7,FSZ14,,,,,,,,,,,,14.401,12.238,10.875,,,,
547,102-20,SFZ12,SFZ12 1327-25L,,,17 59 02.86,-24 20 51.12,5.48,-0.24,WC9,SFZ12,,,,,,,,,,,,13.78,12.38,10.89,,,,
678,102-24,KSF14,1338-2B3,,,17 59 07.99,-22 36 43.0,6.991,0.605,WN9,KSF14,,,,,,,,,,,,12.608,10.477,9.212,,,,
722,102-25,Mis13,KW03-083,359.88-03.58,,17 59 35.61,-30 51 32.3,359.883,-3.585,WN6,Mis13,,,,,,,,,,,,13.72,13.27,12.83,,,,
548,102-21,SFZ12,SFZ12 1342-208L,,,17 59 48.22,-22 14 52.4,7.38,0.65,WN6,SFZ12,,,,,,,,,,17.71,,11.4,10.29,9.47,,,,
341,102l,VII,SMSNPL 17,,SMSNPL 17,18 00 34.32,-22 47 39.20,6.998,0.226,WN8o,SMS99,,,,17.33,15.53,,,16.3,,12.7,,8.831,8.102,7.573,,,,
342,103,VII,,HIP 88287,HD 164270,18 01 43.14,-32 42 55.20,358.49,-4.89,WC9d+?,VI,"SB1, no d.e.l.","IM81,GH86,MLC86,SD87,BE89,CM89,SH89,SS90,NG99a,VII",9.13,9.04,9.01,9.23,8.52,9.06,8.81,,,7.75,7.207,6.37,,,,
343,104,VII,Ve2-45,,Ve2-45,18 02 04.07,-23 37 41.20,6.44,-0.49,WC9d+B0.5V (+VB),WH00,"SB2, VB","Cr97,MT99,TM99,WS99,WH00,TCD02,Wi02,WMS02",,14.85,13.54,,,,11.8,11.8,,6.67,4.34,2.42,Bo 14?,Sgr OB1?,2.3,LS84
344,105,VII,NS 4,GSC 6842-1547,Ve2-47,18 02 23.46,-23 34 37.70,6.52,-0.52,WN9h,SSM96,,MMEv98,,14.76,12.92,11.53,,,12.92,10.3,,7.035,6.254,5.729,,Sgr OB1:,2.3,LS84
664,105-1,FSZ14,WR1343-193E,,,18 02 46.23,-22 36 39.7,7.408,-0.124,WN6,FSZ14,,,,,,,,,,,,14.926,12.69,11.447,,,,
680,105-2,KSF14,1343-284,,,18 03 28.37,-22 22 58.9,7.686,-0.152,WN8-9,KSF14,,,,,,,,17.9,,14.7,,10.474,9.6,9.018,,,,
345,106,VII,IC14-8,GSC 6263-1874,HDE 313643,18 04 43.66,-21 09 30.70,8.9,0.2,WC9d,VI,,,14.17,13.13,12.33,11.96,13.39,13.09,11.89,11.3,,7.94,6.28,4.82,,,,
346,107,VII,DA 1,,,18 04 46.10,-21 51 27.00,8.29,-0.16,WN8o,SSM96,,,,15.42,14.1,,,,,,,Nan,Nan,Nan,,,,
347,107a,VII,SMSNPL 18,,SMSNPL 18,18 05 11.48,-22 13 22.40,8.02,-0.42,WC6; WC5-7,SMS99; RC17,,,,17.75,16.43,,,,,,,Nan,Nan,Nan,,,,
348,108,VII,HDE 313846,HIP 88597,LS 14,18 05 25.74,-23 00 20.30,7.36,-0.85,WN9ha,SSM96,"a, d.e.l.","CM89,VII",,10.96,10.16,,10.48,10.69,9.89,,,7.665,7.341,7.104,,Sgr OB1?,,
682,108-2,KSF14,1366-438,,,18 05 55.27,-19 29 44.1,10.483,0.765,WN7-8,KSF14,,,,,,,,,,,,15.964,12.429,10.395,,,,
667,108-1,FSZ14,WR1361-1583,,,18 07 05.16,-20 15 16.1,9.954,0.156,WN9,FSZ14,,,,,,,,,,,,14.867,12.671,11.162,,,,
349,109,VII,NS 3,,V617 Sgr,18 07 51.50,-35 10 20.00,356.94,-7.19,WN5h,SSM96,SB1,"SC88,SD98,CD99,SC99",,14.48,14.48,,,13.6,,,,13.786,13.519,13.272,,,,
350,110,VII,HD 165688,HIP 88828,,18 07 56.96,-19 23 56.80,10.8,0.39,WN5-6b,SSM96,,,11.48,11.05,10.3,9.74,10.48,10.47,9.73,,,7.118,6.716,6.223,,Sgr OB1?,,
351,111,VII,,HIP 88856,HD 165763,18 08 28.47,-21 15 11.20,9.24,-0.61,WC5,VI,,NG99a,7.99,8.21,8.23,8.46,7.16,7.86,7.67,,,7.277,7.143,6.51,,Sgr OB1:,,
352,111a,VIIA,FNG-1,,,18 08 38.32,-20 24 33.50,9.995,-0.238,WC8; WC9d,FNG05; BCF08,,,,,,,,,,,,Nan,Nan,11.6,SGR 1806-20,,8.7,BCF08
353,111b,VIIA,FNG-B,EGH 1,,18 08 39.24,-20 24 42.50,9.995,-0.242,WC9d,EGH01,,,,,,,,,,,,Nan,Nan,10.4,SGR 1806-20,,8.7,BCF08
354,111c,VIIA,FNG-2,,,18 08 39.42,-20 24 42.57,9.995,-0.243,WN6; WN6b,FNG05; BCF08,,,,,,,,,,,,Nan,Nan,12.16,SGR 1806-20,,8.7,BCF08
355,111d,VIIA,FNG-3,,,18 08 39.50,-20 24 35.88,9.997,-0.242,WN7,FNG05,,,,,,,,,,,,Nan,Nan,12.58,SGR 1806-20,,8.7,BCF08
720,111-8,KSF14,1367-638,,,18 09 06.22,-19 54 27.2,10.487,-0.09,WN9,KSF14,,,,,,,,,,,,15.964,12.429,10.395,,,,
727,111-14,NMP15,NMP15 #2,J180920.3-201857,,18 09 20.3,-20 18 57,10.1567,-0.3357,WN7-8h,NMP15,,,,,,,,,,,,11.923,9.225,7.719,,,,
356,111-1,HD07,HDM7,,,18 09 45.06,-20 17 10.30,10.23,-0.41,WN6o,HD07,,,,,,,,,,,,12.583,11.058,10.135,,,,
683,111-9,KSF14,1381-19L,,,18 12 02.41,-18 06 55.4,12.392,0.167,WC9,KSF14,,,,,,,,15.48,13.86,13.78,,9.66,8.26,7.8,,,,
610,111-5,MDM11,MDM11 33,,,18 12 41.10,-18 26 30.4,12.18,-0.12,WN8-9; WN9,MDM11; RC15,,,,,,,,,,,,13.8,11.97,10.92,,,,
549,111-6,SFZ12,SFZ12 1381-20L,,,18 12 57.27,-18 01 20.7,12.58,0.02,WC9,SFZ12,,,,,,,,,,,,14.24,13.35,10.75,,,,
357,111-2,HD07,HDM8,MDF11 #4,,18 13 14.20,-17 53 43.50,12.72,0.02,WN7b,HD07; MDF11,,,,,,,,20.48,17.57,15.2,,9.619,8.597,7.937,Cl 1813-178,,4.8,MDF11
611,111-4,MDM11; MDF11,MDM11 34,MDF11 #7,,18 13 22.48,-17 53 50.3,12.74,-0.01,WN6; WN7o; WN7,MDM11; MDF11; RC15,,,,,,,,18.63,15.6,16.57,,10.3,9.27,8.66,Cl 1813-178,,4.8,MDF11
726,111-13,MCF15,MCF15 1,,,18 13 34.81,-18 05 41.5,12.585,-0.144,WN6b,MCF15,,,,,,,,,,,,10.17,8.89,8.02,,,,
358,111-3,SM09,SMG09 1385_24,,2MASS J18134247-1728122,18 13 42.47,-17 28 12.20,13.15,0.13,WC8,SMG09,,,,,,,,,,20.02,,11.21,9.7,8.57,,,,
684,111-10,KSF14,1389-4AB6,,,18 14 14.09,-17 21 02.6,13.313,0.075,WC7,KSF14,,,,,,,,,,20.74,,16.131,14.264,12.239,,,,
685,111-11,KSF14,1389-1F5D,,,18 14 17.37,-17 21 54.4,13.307,0.057,WN8,KSF14,,,,,,,,,,,,17.567,13.277,11.052,,,,
721,111-12,MM14,THA 34-30,2MASS J181432.98 -1825148,,18 14 32.98,-18 25 14.8,12.4094,-0.5022,WC9,MM14,,,,,,,,,,,,9.04,7.25,5.76,,,,
550,111-7,SFZ12,SFZ12 1395-86L,,,18 16 02.36,-16 53 59.4,13.92,-0.09,WC8,SFZ12,,,,,,,,,,,,18.08,13.96,11.85,,,,
359,112,VII,GL 2104,,GL 2104,18 16 33.49,-18 58 42.50,12.15,-1.19,WC9d+OB?,MC83,"d.e.l., VB","CM89,SS90,WMS02,VII",,20.1,18.8,,,,,15.8,,8.68,6.26,4.26,,,,
360,113,VII,,HIP 89769,HD 168206,18 19 07.36,-11 37 59.20,18.91,1.75,WC8d+O8-9IV,VI,SB2,"SM89,LM96,NM96,NG99a",10.33,9.89,9.43,9.11,9.6,9.86,9.14,,,7.02,6.28,5.49,,Ser OB2:,,
361,113-1,HD07,HDM9,,,18 19 22.19,-16 03 12.40,15.04,0.39,WN7o,HD07,,,,,,,,16.5,,14.3,,9.088,8.3,7.761,,,,
746,113-3,MMV18,2MASS J18225904-1312311,,,18 22 59.04,-13 12 31.1,17.96061,0.17798,WN4-5,MMV18,,,,,,,,,,,,14.17,12.62,11.68,,,,
362,113-2,SM09,SMG09 1425_47,,2MASS J18230342-1310004,18 23 03.42,-13 10 00.40,18.01,0.18,WC5-6,SMG09,,,,,,,,15.23,14.49,14.41,,10.34,9.28,8.27,,,,
363,114,VII,IC14-17,GSC 5702-1056,HD 169010,18 23 16.39,-13 43 25.80,17.54,-0.13,WC5+OB?,"VI,VII",d.e.l.,"CM89,SS90,VII",14.33,13.86,12.95,12.43,13.55,13,12.08,11.7,,8.98,8.426,7.608,,Ser OB1:,,
551,114-2,SFZ12,SFZ12 1434-43L,,,18 23 32.32,-12 03 58.5,19.03,0.59,WC8,SFZ12,,,,,,,,,,,,14.45,12.9,11.69,,,,
747,114-3,MMV18,2MASS J18244626-1154270,,,18 24 46.26,-11 54 27.0,19.31448,0.40202,WN4-5,MMV18,,,,,,,,,,,,13.4,12.28,11.42,,,,
364,114-1,HD07,HDM10,KSF14 1446-B1D,,18 25 00.24,-10 33 23.60,20.536,0.983,WN7b; WN6,HD07; KSF14,,,,,,,,,,17.24,,12.21,11.236,10.611,,,,
365,115,VII,MR 87,HIP 90299,IC14-19,18 25 30.01,-14 38 40.90,16.98,-1.03,WN6o,SSM96,d.e.l.,"CM89,VII",14.11,13.42,12.32,11.51,13.38,13.02,11.84,,,7.992,7.416,6.945,,Ser OB1:,,
366,115-1,HD07,HDM11,,,18 25 53.09,-13 28 32.40,18.05,0.57,WN6o,HD07,,,,,,,,,,,,10.317,9.521,8.962,,,,
552,115-2,SFZ12; MDM11,SFZ12 1431-34L,MDM11 35,,18 25 53.63,-12 50 03.0,18.62,-0.27,WN8,SFZ12; MDM11,,,,,,,,20.65,,17.43,,11.53,10.13,9.28,,,,
612,115-3,MDM11,MDM11 36,,,18 26 06.11,-13 04 10.4,18.44,-0.43,WN7,MDM11,,,,,,,,15.86,,,,9.59,8.82,8.3,,,,
367,116,VII,AS 306,GSC 5698-3822,St 1,18 27 04.28,-12 22 52.30,19.16,-0.32,WN8h,SSM96,,MMEv98,14.6,13.79,13.38,14.43,,,16.68,10.9,,8.209,7.566,6.955,,,,
368,116-1,MV09,,,2MASS J18281180-1025424,18 28 11.80,-10 25 42.40,21.02,0.35,WC9+OBI,MV10,,,,,,,,17.9,,13.4,,8.36,6.93,5.629,,,,
748,116-4,MMV18,2MASS J18282046-1216364,,,18 28 20.46,-12 16 36.4,19.39449,-0.54221,WN4-5,MMV18,,,,,,,,,,,,14.85,13.09,12.14,,,,
369,116-2,SM09,SMG09 1462_54,,2MASS J18293384-0839021,18 29 33.84,-08 39 02.10,22.75,0.87,WN5,SMG09,,,,,,,,,,,,14.07,12.75,11.93,,,,
613,116-3,MDM11,MDM11 37,,USNO 0796-0404402,18 30 53.20,-10 19 37.0,21.41,-0.19,WN6; WN6ha,MDM11; RC15,,,,,,,,17.24,,14.41,,10.68,9.91,9.43,,,,
370,117,VII,IC14-22,GSC 5124-1254,IC14-22,18 31 02.54,-06 35 49.50,24.74,1.5,WC9d,SS90,,,,15.34,14.19,,,,,12.7,,9.668,8.493,7.355,Do 29?,,,
688,117-2,KSF14,1457-673,,,18 31 06.65,-09 48 01.4,21.904,0.004,WC9d,KSF14,,,,,,,,,,,,14.849,11.444,9.352,,,,
371,117-1,MWC10,XGPS-I J183116-100921,MDM11 38,,18 31 16.51,-10 09 24.30,21.61,-0.2,WN8; WN7,MWC10; MDM11,,,,,,,,,,,,9.09,8.29,7.63,,,,
372,118,VII,GL 2179,,GL 2179,18 31 42.30,-09 59 15.00,21.81,-0.21,WC9d,CV90,,,,25,22,,,,,,,8.1,5.41,3.65,,,,
553,118-4,SFZ12; MDM11,SFZ12 1463-7L,MDM11 39,,18 33 47.64,-09 23 07.7,22.58,-0.39,WC8,SFZ12; MDM11,,,,,,,,,,,,12.18,10.52,9.36,,,,
554,118-7,SFZ12,SFZ12 1477-55L,,,18 35 47.7,-07 17 50.1,24.66,0.13,WC9,SFZ12,,,,,,,,,,,,15.91,12.89,11.01,,,,
375,118-1,MDI09,MDI09 Quartet 5,,2MASS J18361633-0705170,18 36 16.33,-07 05 17.00,24.899,0.122,WC9; WC9d,MDI09; RC15,,,,,,,,,,,,13.22,10.14,8.09,Quartet,,6,MDI09
374,118-2,MDI09,MDI09 Quartet 2,,2MASS J18361669-0704595,18 36 16.69,-07 04 59.50,24.904,0.123,WN9,MDI09,,,,,,,,,,,,10.57,8.66,7.58,Quartet,,6,MDI09
373,118-3,MDI09,MDI09 Quartet 1,,2MASS J18361729-0705073,18 36 17.29,-07 05 07.30,24.903,0.12,WN9,MDI09,,,,,,,,,,,,10.34,8.4,7.38,Quartet,,6,MDI09
689,118-10,KSF14,1485-6C4,,,18 36 55.53,-06 31 02.1,25.48,0.241,WN6,KSF14,,,,,,,,,,,,12.035,10.809,10.02,,,,
614,118-5,MDM11,MDM11 40,,,18 37 51.49,-06 08 41.7,25.92,0.21,WC9d,MDM11,,,,,,,,,,,,12.73,10.74,9.31,,,,
690,118-11,KSF14,1485-844,,,18 37 51.82,-06 31 19.1,25.583,0.032,WN8,KSF14,,,,,,,,,,,,14.724,11.299,9.493,,,,
555,118-8,SFZ12,SFZ12 1487-80L,,,18 38 00.49,-06 26 46.1,25.67,0.03,WC9,SFZ12,,,,,,,,,,,,15.63,13.02,11.29,,,,
556,118-6,SFZ12; MDM11,SFZ12 1483-212L,MDM11 41,,18 38 27.16,-07 10 45.0,25.07,-0.4,WN7:,SFZ12; MDM11,,,,,,,,,,,,13.64,11.73,10.59,,,,
557,118-9,SFZ12,SFZ12 1489-36L,,,18 38 38.94,-06 00 16.0,26.13,0.1,WC9,SFZ12,,,,,,,,,,,,14.78,13.04,11.15,,,,
376,119,VII,The 2,GSC 5696-0847,The 2,18 39 17.91,-10 05 31.10,22.57,-1.92,WC9d,WH00,,,13.65,13.04,12.41,12.21,,,,11.8,,9.5,8.43,7.265,,,,
558,119-2,SFZ12; MDM11,SFZ12 1493-9L,MDM11 42,,18 39 34.58,-05 44 23.2,26.47,0.01,WC8,SFZ12; MDM11,,,,,,,,18.36,,16.96,,11.83,10.49,9.56,,,,
691,119-4,KSF14,1495-1D8A,,,18 39 40.60,-05 35 17.6,26.62,0.059,WC8-9,KSF14,,,,,,,,,,,,14.639,12.362,11.716,,,,
692,119-5,KSF14,1495-705,,,18 39 41.19,-05 57 36.3,26.29,-0.113,WN8,KSF14,,,,,,,,,,,,14.971,11.381,9.16,,,,
559,119-3,SFZ12,SFZ12 1487-212L,,,18 39 42.53,-06 41 46.4,25.64,-0.46,WN7,SFZ12,,,,,,,,,,,,13.27,11.5,10.5,,,,
377,119-1,HD07,HDM12,,,18 40 08.66,-03 29 31.10,28.54,0.92,WN7o,HD07,,,,,,,,,,,,11.766,10.864,10.295,,,,
378,120,VII,MR 89,GSC 5121-0128,Vy1-3,18 41 00.88,-04 26 14.30,27.8,0.29,WN7o,SSM96,,MMEv98,13.86,13.32,12.3,11.63,13.1,12.99,11.94,,,Nan,Nan,Nan,Do 33?,,3.5,LS84
693,120-16,KSF14,1514-AA0,,,18 41 06.79,-02 56 01.0,29.144,0.956,WC8,KSF14,,,,,,,,,,,,12.921,11.244,10.537,,,,
379,120-1,HD07,HDM13,,,18 41 10.70,-04 51 27.00,27.44,0.06,WC9,HD07,,,,,,,,,,,,11.05,10.17,9.445,,,,
560,120-11,SFZ12,SFZ12 1495-32L,,,18 41 23.36,-05 40 58.1,26.73,-0.36,WC8,SFZ12,,,,,,,,17.97,17.39,16.16,,12.35,11.15,10.25,,,,
561,120-7,SFZ12; MDM11,SFZ12 1503-160L,MDM11 43,,18 41 34.06,-05 04 01.4,27.3,-0.12,WN7,SFZ12; MDM11,,,,,,,,19.18,,15.71,,10.22,9.21,8.51,,,,
380,120-2,SM09,SMG09 1509_29,SCB12 2w01,,18 41 48.49,-04 00 12.4,28.27,0.31,WC7,SMG09; SCB12,,,,,,,,,,,,15.95,13.88,12.27,,,,
615,120-8,MDM11,MDM11 44,,,18 42 02.55,-03 56 26.3,28.35,0.29,WN8-9; WN9,MDM11; RC15,,,,,,,,,,,,12.86,10.82,9.66,,,,
381,120-3,MW10,,,2MASS J18420630-0348224,18 42 06.30,-03 48 22.40,28.481,0.34,WN8-9h; WN9h,MW10; BGS12,,,,,,,,,,,,11.95,10.22,9.16,,,,
382,120-4,MW10,,,2MASS J18420827-0351029,18 42 08.27,-03 51 02.90,28.45,0.31,WN8-9h; WN9h,MW10; BGS12,,,,,,,,,,,,11.85,10.26,9.27,,,,
383,120-5,MW10,SCB12 2w02,,2MASS J18420846-0349352,18 42 08.47,-03 49 35.2,28.47,0.32,WC8,MW10; SCB12,,,,,,,,,,,16.9,12.24,11,10.06,,,,
652,120-14,SCB12,SCB12 2w03,,,18 42 22.17,-03 05 39.6,29.1,0.6,WC8,SCB12,,,,,,,,,,,,14.45,12.88,11.64,,,,
694,120-17,KSF14,1509-2E64,,,18 42 26.61,-03 56 36.0,28.398,0.199,WC9,KSF14,,,,,,,,,,,,15.775,14.87,12.446,,,,
384,120-6,WM10,PN G029.0+00.4,WM10 50,,18 42 46.92,-03 13 17.20,29.08,0.45,WN6,WM10,,,,,,,,,,,,13.508,12.834,12.325,,,,
653,120-15,SCB12,SCB12 2w04,,,18 43 17.23,-03 08 56.6,29.2,0.37,WC8,SCB12,,,,,,,,,,,16.8,12.69,11.37,10.66,,,,
562,120-12,SFZ12,SFZ12 1513-111L,SCB12 2w05,,18 43 17.28,-03 20 23.7,29.03,0.29,WC7:; WC8,SFZ12; SCB12,,,,,,,,,,,,17.69,14.65,12.54,,,,
616,120-9,MDM11,MDM11 45,,,18 43 32.57,-04 04 19.0,28.41,-0.1,WN7; WN7ha,MDM11; RC15,,,,,,,,,,,,15.15,12.55,11.14,,,,
563,120-13,SFZ12,SFZ12 1522-55L,,,18 43 39.65,-02 29 35.9,29.83,0.59,WC9,SFZ12,,,,,,,,,,,,13.41,12.24,11.47,,,,
564,120-10,SFZ12; MDM11,SFZ12 1517-138L,MDM11 46,,18 43 58.03,-02 45 17.1,29.63,0.4,WN7,SFZ12; MDM11,,,,,,,,17.96,16.25,14.3,,10,9.16,8.53,,,,
385,121,VII,AS 320,HIP 91911,AS 320,18 44 13.15,-03 47 57.80,28.73,-0.13,WC9d,VI,,MMH98,14.26,13.38,12.41,12.01,13.7,13.34,11.94,,,8.295,7.056,5.773,,Anon. Sct OB?,,
749,121-15,MMV18,2MASS J18442065-0236510,,,18 44 20.65,-02 36 51.0,29.79678,0.38493,WN4-5,MMV18,,,,,,,,,,,,12.74,11.57,10.72,,,,
617,121-2,MDM11,MDM11 47,,,18 44 51.57,-03 21 49.6,29.19,-0.07,WN7,MDM11,,,,,,,,,,,,14.22,12.23,11.13,,,,
618,121-3,MDM11,MDM11 48,,,18 44 51.61,-03 27 43.7,29.1,-0.12,WN7,MDM11,,,,,,,,,,,,13.81,11.87,10.73,,,,
695,121-11,KSF14,1525-2352,,,18 45 14.63,-02 05 05.7,30.37,0.427,WC8:,KSF14,,,,,,,,,,,,17.928,14.748,12.444,,,,
654,121-7,SCB12,SCB12 2w06,KSF14 1519-E43,,18 45 49.90,-02 59 56.3,29.624,-0.121,WC8; WC7,SCB12; KSF14,,,,,,,,,,,,16.25,13.2,11.27,,,,
696,121-12,KSF14,1530-8FA,,,18 46 00.97,-01 14 35.0,31.207,0.639,WN5,KSF14,,,,,,,,,,,,12.759,11.425,10.642,,,,
386,121a,VII,W43#1,AX J184738-0156,,18 47 36.00,-01 56 32.90,30.77,-0.03,WN7+a/OB?; WN7,BD99; AGK11,d.e.l.,BD99,,,,,,,,,,14.85,11.01,8.66,W 43 cluster,,7,SB78
565,121-5,SFZ12,SFZ12 1527-13L,SCB12 2w07,,18 47 38.33,-02 06 38.9,30.62,-0.12,WC8,SFZ12; SCB12,,,,,,,,,,,,16.48,12.8,10.44,,,,
655,121-8,SCB12,SCB12 2w08,,,18 47 57.34,-01 27 36.9,31.2,0.11,WC8,SCB12,,,,,,,,,,,,18.91,14.85,12.14,,,,
656,121-9,SCB12,SCB12 2w09,,,18 48 24.50,-02 06 16.2,30.7,-0.29,WC8,SCB12,,,,,,,,,,,,17.75,13.9,11.47,,,,
387,121-1,GK10; WM10,WM10 52,,,18 49 27.34,-01 04 20.80,31.75,-0.05,WN7h,GK10; WM10,,,,,,,,,17.15,,13.6,10.943,10.07,9.473,,,,
566,121-4,SFZ12; MDM11,SFZ12 1528-15L,MDM11 49,,18 49 32.31,-02 24 27.0,30.57,-0.68,WC7; WC8,"SFZ12, RC15; MDM11",,,,,,,,,,,,14.13,12.13,10.66,,,,
657,121-10,SCB12,SCB12 2w10,KSF14 1541-3C8,,18 50 02.77,-00 32 08.1,32.297,0.066,WC8,SCB12; KSF14,,,,,,,,,,,,16.68,14.12,12.23,,,,
697,121-13,KSF14,1541-197C,,,18 50 37.54,-00 01 21.1,32.819,0.171,WC8,KSF14,,,,,,,,,,,,14.744,13.328,11.638,,,,
567,121-6,SFZ12,SFZ12 1536-180L,,,18 51 10.77,-01 30 03.4,31.57,-0.63,WN5,SFZ12,,,,,,,,17.26,15.51,14.58,,10.42,9.76,9.34,,,,
698,121-14,KSF14,1544-FA4,,,18 51 33.08,-00 13 40.8,32.742,-0.129,WN5,KSF14,,,,,,,,,,,,13.50,12.24,10.83,,,,
725,122,CS99,NaSt1,,,18 52 17.55,00 59 44.3,33.915,0.264,WN,CS99,,,,16.9,15.4,,,,,,,9.86,8.24,6.28,,,,
568,122-6,SFZ12,SFZ12 1551-19L,,,18 52 32.97,+00 14 26.8,33.27,-0.14,WC8:,SFZ12,,,,,,,,,,,,16.91,13.62,11.78,,,,
703,122-12,KSF14,1553-9E8,,,18 52 33.12,00 47 41.8,33.766,0.115,WN9h,KSF14,,,,,,,,,,,,15.76,12.864,10.976,,,,
619,122-2,MDM11,MDM11 51,,,18 52 43.69,+00 08 41.5,33.21,-0.22,WN8-9; WN9,MDM11; RC15,,,,,,,,,,,,12.49,10.68,9.61,,,,
700,122-13,KSF14,1547-1488,,,18 52 57.20,+00 02 54.1,33.148,-0.315,WN5,KSF14,,,,,,,,,,,,13.956,12.254,11.159,,,,
702,122-14,KSF14,1553-15DF,,,18 53 02.56,01 10 22.7,34.159,0.178,WC8,KSF14,,,,,,,,,,nbsp,,17.779,14.803,12.065,,,,
620,122-3,MDM11,MDM11 52,,,18 54 03.12,+01 24 50.8,34.49,0.06,WN5-6; WN6,MDM11; RC15,,,,,,,,,,,,12.81,11.06,9.99,,,,
569,122-7,SFZ12,SFZ12 1563-66L,,,18 55 44.44,+01 36 43.9,34.86,-0.22,WC8:,SFZ12,,,,,,,,,,,,16.56,13.29,11.45,,,,
570,122-8,SFZ12,SFZ12 1563-89L,,,18 56 02.04,+01 36 32.9,34.89,-0.29,WC7:,SFZ12,,,,,,,,,,,,17.13,14.32,12.55,,,,
571,122-9,SFZ12,SFZ12 1567-51L,,,18 56 07.90,+02 20 49.0,35.56,0.03,WC7:,SFZ12,,,,,,,,,,,,14.72,12.27,10.87,,,,
665,122-11,FSZ14,WR1583-B73,UKIDSS 439036531671,,19 00 05.09,03 47 27.1,37.291,-0.192,WN6,"FSZ14, RHR18",,,,,,,,,,,,16.46,13.64,11.82,,,,
750,122-16,RHR18,RHR18 #29,UKIDSS 439036535386,,19 00 11.04,+03 47 34.8,37.304,0.213,WN8-9h,RHR18,,,,,,,,,,,,13.79,10.81,9.12,,,,
661,122-1,CVM10,IPHAS J190015.86+000517.3,,,19 00 15.86,+00 05 17.3,34.017,-1.923,WC8,CVM10,,,,,,,,,,14.94,,12.18,11.3,10.3,,,,
572,122-10,SFZ12,SFZ12 1583-64L,,,19 00 59.99,+03 55 35.6,37.52,-0.33,WC7:,SFZ12,,,,,,,,,,,,17.49,14.8,12.79,,,,
573,122-4,SFZ12; MDM11,SFZ12 1583-48L,MDM11 53,,19 01 26.62,+03 51 55.55,37.51,-0.46,WC8,SFZ12; MDM11,,,,,,,,,,,,14.7,12.67,11.25,,,,
574,122-5,SFZ12; MDM11,SFZ12 1583-47L,MDM11 54,,19 01 27.11,+03 51 54.4,37.51,-0.46,WC8,SFZ12; MDM11,,,,,,,,,,,,14.25,12.27,10.99,,,,
704,122-15,KSF14,1602-9AF,,,19 02 42.32,06 54 44.4,40.365,0.657,WN6,KSF14,,,,,,,,,,18.46,,13.109,11.619,11.05,,,,
388,123,VII,HD 177230,HIP 93626,,19 03 59.02,-04 19 01.90,30.51,-4.75,WN8o,SSM96,"SB1?, no d.e.l.","MS86,CM89,MM98,MMH98,MMEv98,VII",11.93,11.69,11.26,10.96,11.32,11.6,11.12,,,9.524,9.282,8.917,,,,
705,123-6,KSF14,1603-11AD,,,19 04 20.14,06 07 52.2,39.856,-0.061,WN5,KSF14,,,,,,,,,,,,16.131,13.635,12.156,,,,
575,123-4,SFZ12,SFZ12 1603-75L,,,19 04 33.49,+06 05 18.5,39.84,-0.13,WC8,SFZ12,,,,,,,,,,,,16.31,14.38,13.68,,,,
706,123-7,KSF14,1609-1C95,,,19 06 10.68,07 19 13.3,41.123,0.078,WC9,KSF14,,,,,,,,,,,,18.406,15.069,11.927,,,,
389,123-2,SM09,SMG09 1613_21,,2MASS J19063653+0729524,19 06 36.53,+07 29 52.40,41.33,0.07,WCE,SMG09,,,,,,,,,,,,14.24,12.65,11.61,,,,
390,123-1,HD07,HDM14,,,19 08 17.98,+08 29 10.60,42.4,0.15,WN6o,HD07,,,,,,,,,,,,10.592,9.47,8.707,,,,
621,123-3,MDM11,MDM11 55,,,19 08 38.09,+09 28 21.0,43.31,0.53,WN8,MDM11,,,,,,,,,,,,12.22,10.81,9.94,,,,
709,123-8,KSF14,1629-14D6,,,19 10 06.40,09 45 25.7,43.733,0.339,WN9h,KSF14,,,,,,,,,,,,14.727,13.441,12.625,,,,
658,123-5,SCB12,SCB12 2w11,KSF14 1627-A6D,,19 10 11.53,08 58 39.6,43.1,-0.04,WC7,SCB12,,,,,,,,,,,,16.31,13.6,11.73,,,,
391,124,VII,209 BAC,HIP 94289,QR Sge,19 11 30.88,+16 51 38.20,50.2,3.31,WN8h,SSM96,"SB1?, no d.e.l.","MS86,CM89,BE89,MMEv98,VII",12.81,12.39,11.58,10.92,,12.19,11.5,,,8.578,8.179,7.732,,,,
723,124-1B,MDI09; FNT15,MDI09 GLIMPSE20 6,Mc20-8,2MASS J19122407+0957290,19 12 24.05,+09 57 29.1,44.17,-0.07,WC8; WC5-7,RC15; FNT15,,,,,,,,,,,,Nan,11.84,10.66,Mc20,,9.7,FNT15
392,124-1A,MDI09; FNT15,MDI09 GLIMPSE20 6,Mc20-10,2MASS J19122407+0957290,19 12 24.17,+09 57 28.6,44.17,-0.07,WC8; WC5-7,RC15; FNT15,,,,,,,,,,,,Nan,11.22,9.96,Mc20,,9.7,FNT15
710,124-13,KSF14,1635-AD8,,,19 13 19.19,09 55 29.0,44.248,-0.285,WN6,KSF14,,,,,,,,,,,,15.201,12.874,11.478,,,,
576,124-8,SFZ12,SFZ12 1650-96L,,,19 13 24.01,+11 43 24.3,45.85,0.53,WN6,SFZ12,,,,,,,,,,,,8.61,7.99,7.8,,,,
711,124-14,KSF14,1653-FFE,,,19 14 40.73,11 54 15.4,46.156,0.338,WN5-6,KSF14,,,,,,,,,,,,15.219,12.998,11.658,,,,
712,124-15,KSF14,1651-BB4,,,19 15 37.26,11 25 26.3,45.838,-0.089,WN5,KSF14,,,,,,,,,,,,15.825,13.21,11.778,,,,
713,124-16,KSF14,1647-1E70,,,19 15 52.52,11 12 59.7,45.683,-0.241,WC8:,KSF14,,,,,,,,,,,,17.531,15.095,12.565,,,,
577,124-3,SFZ12; MDM11,SFZ12 1657-51L,MDM11 56,,19 16 18.38,+12 46 49.2,47.12,0.39,WC7; WC8,"SFZ12, RC15; MDM11",,,,,,,,,,,,12.96,11.82,10.77,,,,
714,124-17,KSF14,1659-212,,,19 17 22.20,12 13 09.2,46.741,-0.097,WN9,KSF14,,,,,,,,,,,,13.436,10.891,9.527,,,,
578,124-9,SFZ12,SFZ12 1670-57L,,,19 17 32.79,+14 08 27.9,48.46,0.76,WC6:,SFZ12,,,,,,,,,,19.93,,13.9,12.72,11.67,,,,
579,124-4,SFZ12; MDM11,SFZ12 1652-24L,MDM11 57,,19 17 41.21,+11 29 18.9,46.13,-0.51,WC7,SFZ12; MDM11,,,,,,,,,,,,15.29,13,11.53,,,,
715,124-18,KSF14,1669-3DF,,,19 18 31.35,13 43 39.4,48.206,0.359,WN9h,KSF14,,,,,,,,,,,,12.788,11.035,9.966,,,,
580,124-10,SFZ12,SFZ12 1669-24L,,,19 18 31.71,+13 43 17.9,48.2,0.36,WC6:,SFZ12,,,,,,,,,,,,14.35,12.59,11.33,,,,
716,124-19,KSF14,1660-1169,,,19 20 02.46,12 08 20.3,46.976,-0.712,WC6:,KSF14,,,,,,,,,,,,14.652,13.293,12.076,,,,
622,124-5,MDM11,MDM11 58,,,19 20 29.32,+14 12 06.1,48.85,0.16,WC8-9d?,MDM11,,,,,,,,,,,,14.34,11.98,10.63,,,,
393,124-2,SM09,SMG09 1671_5,,2MASS J19204038+1350352,19 20 40.38,+13 50 35.20,48.55,-0.05,WC8,SMG09,,,,,,,,,,,,13.57,11.8,10.76,,,,
666,124-12,FSZ14,WR1667-D00,,,19 20 50.49,13 18 41.1,48.102,-0.334,WN7,FSZ14,,,,,,,,,,,,14.687,12.951,11.947,,,,
581,124-6,SFZ12; MDM11,SFZ12 1675-17L,MDM11 59,,19 22 53.61,+14 08 50.0,49.07,-0.38,WC7; WC6,"SFZ12, MDM11; RC15",,,,,,,,,,,,12.67,10.91,9.68,,,,
582,124-7,SFZ12; MDM11,SFZ12 175-10L,MDM11 60,,19 22 54.45,+14 11 27.9,49.11,-0.36,WC8; WC7,"SFZ12, RC15; MDM11",,,,,,,,,,,,12.83,11.02,9.58,,,,
583,124-11,SFZ12,SFZ12 1698-70L,,,19 24 46.90,+17 14 25.0,52.01,0.68,WN6; WN6b,SFZ12; RC15,,,,,,,,,,,,12.65,11.19,10.25,,,,
717,124-20,KSF14,1697-38F,,,19 25 18.12,17 02 15.9,51.895,0.477,WC9,KSF14,,,,,,,,,,18.74,,12.966,11.176,9.922,,,,
718,124-21,KSF14,1702-23L,,,19 26 08.35,17 46 23.1,52.637,0.651,WC8,KSF14,,,,,,,,20.44,17.29,16.15,,11.86,10.97,10.21,,,,
719,124-22,KSF14,1695-2B7,,,19 27 17.98,16 05 24.6,51.289,-0.394,WC9,KSF14,,,,,,,,,,,,13.012,11.089,9.641,,,,
394,125,VII,IC14-36,GSC 1609-0416,V378 Vul,19 28 15.57,+19 33 21.10,54.44,1.06,WC7ed+O9III,WH94,SB2,"MS86,WH92,WH94,Wi97,Wi02",15.66,14.84,13.52,12.68,,,,,,9.298,8.74,8.214,,,,
623,125-4,MDM11,MDM11 61,,,19 30 05.30,+17 46 01.0,53.08,-0.18,WN7,MDM11,,,,,,,,,,,,12.71,11.07,9.14,,,,
395,125-3,HKB10,Mercer 23 #2,,,19 30 13.82,+18 32 00.33,53.77,0.16,WN7-8h; WN7ha,"HKB10, FND13; RC15",,,,,,,,,,,,8.646,7.835,7.332,Mercer 23,,6.5,HK10
662,125-2,CVM10,IPHAS J193038.84+183909.8,,,19 30 38.84,+18 39 09.8,53.922,0.13,WN8-9,VCM10,,,,,,,,,,13.26,,8.21,7.28,6.6,,,,
396,125-1,HD07,HDM15,,,19 33 44.02,+19 22 47.50,54.91,-0.16,WC8,HD07,,,,,,,,16.3,,13.7,,10.196,9.607,9.074,,,,
397,126,VII,ST 2,GSC 2146-2748,ST 2,19 39 56.20,+26 34 42.00,61.89,2.11,WC5/WN,CV90,,,14.45,13.99,13.29,12.82,,,,12.6,,10.703,10.397,10.09,,Vul OB2:,,
398,127,VII,HD 186943,HIP 97281,,19 46 15.94,+28 16 19.10,64.06,1.73,WN3b+O9.5V,SSM96,SB2,"Ma81,MS86,SM89,LM96, MMH98",10.61,10.48,10.33,10.22,9.86,10.56,10.29,,,9.182,9.015,8.761,,Vul OB2:,,
400,129,VII,MR 96,GSC 2669-4572,Sey 1,19 48 18.25,+30 26 52.10,66.16,2.44,WN4o,SSM96,,,14.13,13.82,13.27,12.86,,,,,,11.083,10.72,10.404,,,,
399,128,VII,HD 187282,HIP 97456,,19 48 32.20,+18 12 03.70,55.62,-3.79,WN4(h),SSM96,SB2?,"La83,AC85,MS86,CM89",10.43,10.53,10.54,10.57,9.59,10.49,10.44,,,9.969,9.836,9.623,,,,
401,130,VII,LS 16,GSC 2670-1448,,19 59 12.68,+31 27 09.70,68.22,0.98,WN8(h),SSM96,,MMEv98,14.61,13.78,12.6,11.675,14.16,13.68,12.14,,,Nan,Nan,Nan,,,,
402,131,VII,MR 97,HIP 98466,IC14-52,20 00 19.12,+33 15 51.10,69.9,1.71,WN7h+abs,SSM96,"a, d.e.l.","CM89,VII",13.56,13.09,12.36,11.82,12.93,13.05,12.08,,,9.516,9.148,8.855,,,,
403,132,VII,,GSC 2674 1901,HD 190002,20 01 39.75,+32 34 18.10,69.46,1.1,WC6+?,VI,SB1,BF83,14.68,14.19,13.49,13.13,13.83,13.42,12.67,12.2,,10.178,9.855,9.046,,,,
404,133,VII,HD 190918,HIP 99002,,20 05 57.33,+35 47 18.20,72.65,2.06,WN5o+O9I,SSM96,"SB2, VB","SM89,Be94,UH94,Be95,Hip97,MMH98,NG99a",6.79,6.7,6.7,6.71,6.2,6.9,6.77,,,6.319,6.315,6.247,NGC 6871,,2.1,LS84
405,134,VII,HD 191765,HIP 99377,,20 10 14.20,+36 10 35.10,73.45,1.55,WN6b,SSM96,"SB1?, no d.e.l","MS86,CM89,RM89,MM93,McB94,MMH98,MM99,NG99a,VII",8.46,8.43,8.23,8.07,7.58,8.25,7.99,,,6.72,6.52,6.16,,Cyg OB3:,,
406,135,VII,,HIP 99525,HD 192103,20 11 53.53,+36 11 50.60,73.65,1.28,WC8,VI,,"MS86,NG99a,LD00",8.44,8.33,8.36,8.43,7.78,8.32,8.09,,,7.232,7.113,6.663,,Cyg OB3:,,
407,136,VII,HD 192163,HIP 99546,,20 12 06.55,+38 21 17.80,75.48,2.43,WN6b(h),SSM96,"SB1?, no d.e.l.","KF80,AC85,As82,VA85,MS86,CM89,RM89,SS96,NG99a,VII",7.92,7.88,7.65,7.47,7.05,7.65,7.44,,,6.127,5.899,5.561,,Cyg OB1:,,
408,137,VII,,HIP 99769,HD 192641,20 14 31.77,+36 39 39.60,74.33,1.09,WC7pd+O9,"SS90,WK01",SB2,"MS86,An95,Wi97,NG99a,WH99,An00,WK01,Wi02",8.51,8.29,8.15,8.08,7.71,8.27,7.92,,,6.98,6.767,6.185,Do 3?,Cyg OB1?,,
409,138,VII,HD 193077,HIP 99982,,20 17 00.03,+37 25 23.80,75.23,1.11,WN5o+B?; WN6o,SSM96; CW11,"SB2, VB","LM82,MS86,An91,Hip97,MMH98,NG99a",8.54,8.32,8.1,7.95,7.75,8.43,8.06,,,6.965,6.796,6.581,,Cyg OB1:,,
410,138-1,GF09; VCM10,HBHA 4202-22,WR138a,IPHAS J201708.12+410727.0,20 17 08.12,+41 07 27.00,78.32,3.15,WN8-9h,GF09; VCM10,,,,,,,,17.25,15.44,13.5,,10.152,9.265,8.649,,,,
411,139,VII,HD 193576,HIP 100214,V444 Cyg,20 19 32.42,+38 43 54.00,76.6,1.43,WN5o+O6III-V,SSM96,SB2,"MS86,SM89,RM90,MMK94,Hip97,MMH98,NG99a",8.84,8.48,8.1,7.85,8.02,8.52,8,,,6.697,6.52,6.327,Be 86:,Cyg OB1?,1.7,Fo81
412,140,VII,,HIP 100287,HD 193793,20 20 27.98,+43 51 16.30,80.93,4.18,WC7pd+O4-5,WH90,"SB2, VB","MS86,WHW87,ML87,SM89,WH90,An95,HaM99,NG99a,Wi02",7.64,7.34,7.07,6.91,6.9,7.34,6.87,,,5.55,5.43,5.04,,,,
413,141,VII,HD 193928,HIP 120155,,20 21 31.73,+36 55 12.80,75.33,0.08,WN5o+O5V-III,SSM96,SB2,"MS86,SM89,GM91,LM96,MMEe98,IV99",11.43,10.85,10.14,9.53,10.71,10.66,9.68,,,7.339,6.929,6.535,,Cyg OB1,,
414,142,VII,Sand 5,GSC 2684-0001,Sand 5,20 21 44.36,+37 22 30.30,75.73,0.3,WO2,CDB98,,,15.91,15.21,13.82,12.94,14.1,14.39,12.96,12.52,,9.538,8.889,8.596,Be 87:,,0.95,TF82
415,142a,VIIA,PCG02 1,,NGC 6910-MS21,20 24 06.20,+41 25 33.00,79.31,2.25,WC8,PGC02,,,,,,,,,,14.7,,9.273,8.092,7.122,,,,
629,142-1,LGM11,HBHalpha 4203-27,USNO-B1.0 1336-0379707,WR142b,20 28 14.54,43 39 25.6,81.57,2.91,WN6o,LGM11,,,,,,,,15.7,,12.7,,8.77,7.86,7.19,,,,
416,143,VII,,GSC 3152-1081,HD 195177,20 28 22.68,+38 37 18.90,77.5,-0.05,WC4+OB?,SS90,d.e.l.,"CM89,VII",13.97,13.16,11.95,11.17,13.42,12.67,11.46,,,8.579,8.102,7.458,,,,
417,144,VII,HM19-1,,HM19-1,20 32 03.10,+41 15 19.90,80.04,0.93,WC4,HH88,,,,,15.49,14.45,,,,13.5,,9.407,8.593,7.71,,Cyg OB2-600?,1.7,MA01
418,145,VII,AS 422,MR 111,V1923 Cyg,20 32 06.28,+40 48 29.70,79.69,0.66,WN7o/CE+?,SSM96,SB1,"RC89,SM89",15.37,14.18,12.55,11.37,,,12.3,11.1,,7.373,6.714,6.239,,Cyg OB2?,,
419,145a,VII,Cyg X-3,,,20 32 26.60,+40 57 09.00,79.84,0.69,WNE+cc,"KC92,HS00",SB1,"KB89,KC92,Ke93,CM94,KG96,MM96,SG96,HS00",,,23.9,,,,,,,15.309,13.192,11.921,,,,
420,146,VII,MR 112,GSC 3161-1125,HM19-3,20 35 47.09,+41 22 44.71,80.56,0.45,WC4; WC5; WC6+O8,SS90; CDB98; DW00,"SB2, VB","DW96,NS98,SB00",,16.29,13.91,12.27,,,,,,7.069,6.24,5.49,,,,
421,147,VII,AS 431,NS 6,,20 36 43.65,+40 21 07.32,79.85,-0.32,WN8(h)+B0.5V,SSM96; WD97,"SB2, VB","WD97,NS98,SB01",,17.04,14.89,12.75,,,,11.6,,6.012,4.856,4.107,,,,
422,148,VII,HD 197406,HIP 102088,AS 438,20 41 21.55,+52 35 15.20,90.08,6.47,WN8h+,SSM96,"SB1, d.e.l.","MS80,DL86,MS86,CM89,Mo92,Hip97,MMEv98,PA00,VII",11.08,10.82,10.46,10.16,10.42,10.77,10.21,,,8.759,8.533,8.318,,,,
423,149,VII,St 4,GSC 3592-6255,,21 07 11.68,+48 25 36.20,89.53,0.65,WN5o,SSM96,,,,15.9,14.7,13.92,,,,12.9,,10.615,10.057,9.609,,,,
424,150,VII,ST 5,GSC 3616-1163,ST 5,21 50 05.57,+50 42 24.80,96.13,-2.48,WC5,HH88,,,14.21,14,13.47,13.7,,,,12.9,,10.723,10.313,9.602,,,,
425,151,VII,CX Cep,GSC 3977-0446,,22 09 33.47,+57 44 30.70,102.66,1.39,WN4o+O5V,SSM96,SB2,"MC81,SM89,SH89,LM93",13.42,13.02,12.37,11.89,12.78,12.91,12.12,11.4,,9.76,9.364,9.008,,,,
426,152,VII,HD 211564,GSC 3986-2068,,22 16 24.05,+55 37 37.20,102.23,-0.89,WN3(h),SSM96,,,11.83,11.84,11.67,11.75,,,,,,10.486,10.316,10.044,,Cep OB1:,,
427,153,VII,HD 211853,HIP 110154,,22 18 45.61,+56 07 33.90,102.78,-0.65,WN6o/CE+O6I,SSM96,SB2+SB2,"Ma81,MS86,SM89,PS90,An94,LM96,NG99a,PA00",9.56,9.35,9.08,8.9,8.87,9.41,9.01,,,7.781,7.599,7.413,,Cep OB1:,,
428,154,VII,,HIP 110836,HD 213049,22 27 17.82,+56 15 11.80,103.85,-1.18,WC6,VI,,,12.12,11.9,11.54,11.39,,,,,,9.301,9.007,8.287,,Cep OB1:,,
429,155,VII,CQ Cep,HIP 111633,HD 214419,22 36 53.96,+56 54 21.00,105.32,-1.29,WN6o+O9II-Ib,SSM96,SB2,"SB84,MS86,SM89,MM95,HH97,Hip97,MMH98,NG99a",9.19,9.03,8.75,8.58,8.44,9.26,8.83,,,7.482,7.34,7.161,,Cep OB1:,,
430,156,VII,MR 119,HIP 113569,AC+60 38562,23 00 10.13,+60 55 38.40,109.82,0.92,WN8h,SSM96,d.e.l.,"MS86,CM89,MMH98,MMEv98,VII",12.43,11.92,11.09,10.46,11.85,12.18,11.01,,,7.938,7.443,7.03,,,,
431,157,VII,HD 219460,HIP 114791,,23 15 12.41,+60 27 01.90,111.33,-0.24,WN5o(+B1II),SSM96,VB,"HH88,Hip97,MMH98,NG99a",10.82,10.37,9.91,9.63,10.72,11.11,10.5,,,Nan,Nan,Nan,Ma 50,,3.6,MA01
432,158,VII,MR 112,HIP 117034,AS 513,23 43 30.60,+61 55 48.10,115.03,0.1,WN7h,SSM96,d.e.l.,"CM89,AV92,VII",12.58,12.21,11.46,10.95,12.02,12.2,11.24,,,8.638,8.201,7.811,,,,
433,159,VIIA,BCC 1,BD+62 2296B,,23 47 20.40,+63 13 14.00,115.79,1.24,WN4,Ne03,,,,,,,,,11.2,,,Nan,Nan,Nan,,,,