source_id,r_est,r_lo,r_hi
524101256981955200,3167.23196049589,2865.25123591433,3537.31984118526
508955656105078912,2878.82275958102,2569.07231500716,3268.27386481308
454818035714964992,3711.26141558939,3218.1908146919,4363.21470422589
460606178458202496,2963.60603423253,2690.46531657136,3295.51365235371
2925846208686847360,3582.79064110834,2070.45890509606,6020.3892892765
3033065329887176832,3534.33785979028,2349.59474346845,5574.7694944624
5619719034689699712,3463.41419685305,1994.21759864966,6244.03135848025
5598872195455300096,3649.87729460176,2257.23804925561,6348.3466036524
5519487696436448512,3409.10048320917,1259.89163736998,7026.94653862011
5523951954162196352,1166.24466975682,576.59845522019,3082.2321227576
5330393201358330368,2845.95436113517,1679.22236587027,4763.08617092514
5325643865184780928,576.748070347391,542.734141988771,615.224565503013
5259626507000805120,2764.55354065584,2283.92568354586,3478.59445460827
5258068872676324096,3016.90270884343,1850.96325280634,5633.93711835628
5354875996716359552,2411.1457311794,1055.43521270135,4678.28937420916
5258677937687741312,2503.57098847235,1161.96700433931,4974.85412196705
5258663747128860544,4538.85239658484,2876.36971177968,7146.51274253915
5255516704335204864,1592.65329470814,1105.76314554703,2729.32215737019
5255667676721130240,2019.83838134751,1216.97820665518,4020.19043166171
5354935645214448512,1779.87090733726,977.466535013915,3734.01683244663
5354936160627298944,4055.16100376621,2934.74573866857,5876.22711456747
5354933721069308800,3348.01050662799,1979.39891014938,5545.18668922909
5351916077056494464,1567.33093531437,260.963990841722,3646.74880399795
5351954663044515456,1762.33171951909,755.807078131331,3881.94037654772
5351742732171562112,3997.17281006144,2432.15911622173,6434.51105878906
5350728707570313344,1742.96283412805,1509.69306171345,2058.06887410776
5351231420610521216,3227.17591739229,2245.36245402309,4992.81859026966
5350348890728710016,4245.43858225088,2749.31596857678,6895.65342558464
5352881276474863616,2522.19035743102,1224.01995872361,4727.40625153054
5351279184968057856,3426.25308703616,2219.61488936378,5529.11634304218
5350472688865304192,4104.2363538869,2623.63536845179,6590.24022531376
5338415203835519488,2649.58629192978,2031.55069960519,3721.39905422257
5241974118409659136,5329.96917452771,3197.0159354038,8768.43838794319
5338453308788857344,2715.30541426128,1923.60277439646,4262.36828490544
5338863121715280384,2569.02244315571,1171.30302675391,5053.86297307223
5338420293420982272,4990.25987811981,3483.4600088715,7459.87783298238
5338377790385218816,3810.98416303812,2157.27868798782,6531.66024115272
5338742725200598784,953.45079798388,911.28283285092,999.631318582683
5337458736124737664,2582.68179522321,1108.08834216217,5356.86058747366
5338169536044743424,4096.72383843404,2683.65365506703,6596.72607959464
5338926820359475968,2433.08715717936,1254.75288576803,4795.69639825065
5340684114800160384,4509.48730109347,2985.16440490741,6904.1647116646
5338109750108140928,1316.63693886715,706.430877174664,3932.51069497398
5338102912519759616,2347.35202210796,2093.29613136903,2669.17911710923
5340429376023628032,4135.84151183249,3007.88916562745,6023.16461259108
5338533027697300608,2962.11986631843,1395.25741826089,5685.85678733603
5338721112925167104,4758.46064655065,3353.7351262114,7041.22858560416
5338069995887711872,3678.623574744,2160.75668540714,6445.09735071095
5337317174000897280,2943.59269391894,1419.70451517704,5820.60479830401
5337317174015472384,3628.95684612056,1953.47935747046,6547.39427807669
5240376596725780736,4387.47214042149,2337.38485883888,8137.97959190747
5337317723757015680,2151.29922702214,1050.42451581172,4927.9645127538
5337317723757761280,844.214284688005,453.434241717417,3609.33488877664
5339387313901461632,2433.03388866893,1741.41813060888,3795.09821459753
5337617787363935616,5435.0749351616,3932.00478610297,7873.34011548905
5337008894104600448,2983.58811540619,1801.04980345409,5582.05511773231
5337619019982534912,4838.79485928824,2950.50800087069,7801.95433373056
5337457464813578496,5270.08763324091,3321.67561654029,8257.06751927214
5337458117649139840,2464.98714372126,1165.16173665453,5213.62673186856
5337458736124728704,863.476022787294,565.158008611241,1803.34862794296
5337459526398862208,4302.33039531859,2570.16769631102,7154.0407670568
5337458736124737664,2582.68179522321,1108.08834216217,5356.86058747366
5339338797946183424,1208.80476747817,1139.0383331835,1287.48929073055
5339451772723311104,2831.82530441877,1369.16044936504,5352.34517450367
5337549548910711680,3091.43584452646,1666.29084628529,5732.09803073975
5337503433838737920,3620.39615470189,1884.74320293522,6423.61697379747
5334157040119290112,3095.2762587749,1634.85328158372,5768.88221630629
5334931405585387008,3561.71023325474,1860.31118086882,6279.24868570807
5335017923386174336,3651.09428057507,2022.69545657494,6292.47314583822
5335437490176382976,1562.18472109166,1443.35028278252,1701.83043433921
5334944393518493056,3341.40654664547,2289.76769406486,5319.65575935964
5335359287359810432,2926.98268766237,1371.24292459332,5520.18512817463
5335111480637510784,3608.54658338734,2083.89869214202,6135.56016234946
5334571727853903872,3396.3381657578,2617.17274634124,4703.43900159938
5335110729010868608,2827.42900668641,1622.72800873844,5196.04075975279
6057680668124627200,3993.85660805703,2780.12920762624,6124.65913818355
6058505576696127360,2280.25471047587,916.170814254817,4749.14929459319
6058515330563332224,2928.18400802195,1409.26377009823,5453.05544151414
6057852707338509952,5874.86219666212,3984.96813756429,8639.87314955525
6057860300840946688,2351.0024622674,845.160261225509,4829.94946823344
1584276378794074368,430.175144160262,422.381783333745,438.256072570069
6057844868988122368,324.056744457756,179.453807827976,2989.8113643281
6057797353798528768,1897.29595806679,1792.04731764809,2015.3870873268
6054419104290715136,2472.49534168308,1046.72107625364,5193.11866533865
6057874319618100608,4183.41088281069,3346.79049962464,5461.1341284512
6057874250879591552,4486.3484627638,2835.17400793472,7049.86766352407
6057819069126137856,2192.90929115341,1186.92958429741,4499.7561861145
6054579083236256896,2695.3627290126,1188.67036389241,5388.21234373159
6054573512657072000,3158.79425907904,1740.85882078462,5810.22071633688
6053874536812379136,4011.43734156574,3242.14786994732,5180.36271340492
6055107226766303488,2841.35098937264,1231.09692471993,5643.77925535999
6055253530542401792,708.435067554555,696.717368514768,720.546334084577
6055523353263302912,747.129046387154,422.924899264691,2694.53203459381
6055267136990442240,3423.12496595791,1781.02784519477,6116.64080163751
5863098892749829760,2523.08586788137,964.589126677418,5186.20506637592
5863160804684920192,3686.18694327919,2503.00859500142,5888.0000689284
5859002490464056832,583.527480799739,572.258708732854,595.240692369452
5863587488233364736,2810.04965391386,2382.06846085071,3411.15427731192
5863591469643493120,3987.83107563399,2611.39190207444,6327.14682897117
5863590202652950656,3161.19748493001,2705.89292504138,3786.2145575775
5863590786750350848,2799.07169994928,1366.70005549661,5277.08286147444
5863591710161763328,1817.76874586492,1415.02549060948,2509.8889512059
5863590786750350720,1088.26526114958,608.162479596371,3141.5523949841
5863590580588841472,2600.00004587609,1136.9448861335,5066.78588480805
5862449184468085376,1703.51066647151,1532.56068759733,1916.17733760288
5862527073667543936,4107.66982207128,2362.52137791794,6871.70659786686
5863402731609755392,1309.05458041476,782.049811517437,3073.53842955978
5859060386612592768,5124.24147523122,3660.05175168017,7638.0342453054
5869339308413910784,2802.01236369053,1241.61568644306,5366.33714459139
5869330374879248768,2851.09472464759,1738.75565181443,5061.8097765252
5869331916772745344,2073.51856414399,1229.36712993657,4132.80360365302
6062371592718399104,1042.21321320045,903.447128641766,1230.05918176201
5868604559799022208,1048.56595688431,606.489561460139,2876.71679663466
5868416577668625408,3080.14776673502,1605.47967985372,5576.87772141117
5868389261664999424,2497.01446726412,1180.83101713204,4929.73481224526
5868399810109854720,2673.19090724744,1154.71369819727,5176.19208800165
5870058079808245632,2484.03214001998,1160.53276187445,4825.95991918918
5865772149123442176,1853.00242074501,736.460581900243,4233.57189561673
5851518389653531264,4017.85708076239,2230.61720604023,7279.82819045167
5865881619255884672,2640.96014665718,2049.34536938066,3630.91165263519
5864303334709519744,2291.36658197086,1342.47079449079,4680.91062206573
5867436466129219072,3726.20904762942,2211.11203399036,6121.07958970925
5865633851166918912,3070.12802396342,1557.04658979017,5519.97232937561
5867460754144472320,1840.70671965228,1730.13910245721,1966.02036651262
5867190381683914496,2071.95033610452,1977.99996668708,2175.0664805804
5866436833942800512,2179.29793933688,1454.73358263569,3751.98161867087
5867245116723456640,606.933943439602,415.311459754312,1126.12885750149
5867250472542987264,3031.34549438668,2227.19734751509,4457.06710960037
5867726457996272128,3157.86165433695,1982.95526543997,5265.92059406897
5866807751609957888,2113.55250429864,850.440815675622,4395.64911956032
5866809950633652096,2604.08391341561,1155.46821081111,4981.08655572732
5866849838000722176,3956.7145665404,2420.48470333053,6355.1637175457
5852841205185034624,6426.30606994529,4205.09993867751,9687.13323827948
5866714048307630464,3650.57041324417,2380.24372730869,5831.45042897345
5891020578202225408,1178.0601583745,569.769290446,3485.86859785501
5878642688616450560,2077.00754826346,886.538248748152,4429.92595507923
5878463567004067328,1644.41061668538,1322.10814068121,2160.17090728788
5879151281480952192,4171.82487222787,2745.41141126685,6508.28184888748
5878049536447079168,2410.10569248167,1776.40238649246,3599.86997401485
5879138942019687168,4499.7673219276,2898.43469974061,6990.12318945169
5880657921645288576,1975.97650067327,1044.55224684875,4231.79466248052
5893772415322834048,3510.09991735857,1778.05606307823,6331.85736821455
5880396512755804672,635.432308754425,344.474546449235,3015.81919845958
5879692481708214912,2814.16444832811,1252.48260370906,5385.54984374058
5880368131600297216,2771.1947756068,1258.30739275135,5306.02644980388
5880326929976618880,3176.85047130265,1636.35613246631,5719.49991442515
5886518559137607424,2652.46054169127,1528.60404230711,4977.04958691906
5876976962888293376,1277.80320007404,1162.94065772311,1417.25719766551
5877141644788552192,1730.18783967523,1205.55626182717,2904.95939684191
5876964833876596608,2626.83655936005,1115.99830096294,5306.49502063427
5877180853567524480,2446.05171930032,1488.8892501437,4596.31763879874
5877170786166858368,2573.73856111669,1095.26599889693,5135.55986444239
5886422454940267904,2808.60459214138,1263.02583567866,5395.84155815748
5877096843995866368,2046.61717064674,766.020346524702,4688.93685574162
5883375467708208512,3343.31111983833,1714.51670195305,5977.2778763205
5875597007100185344,5010.00616941655,3041.05996776391,8149.26720905408
5883022627547756672,3522.96113666525,2181.63967978523,6002.8093910799
5883565507116871936,1573.97157103465,770.255841380123,4097.50343709003
5885318403531401856,2397.1612947512,896.490866073519,4916.7760596306
5885229136926450560,3295.90415837431,1923.94711746299,5779.43683503858
5885908051003105792,2664.26110803357,1364.35803236224,5079.21392603485
5884968518312935680,1932.24666296805,1043.16626857465,4211.15927412404
5981197161801064576,2715.69161886329,1260.55399951193,5183.71271663588
5981731313996265856,2186.9696005876,950.954185950055,4557.76040826397
5981253580495622272,3353.46319711833,2656.54801350554,4455.34740460276
5980810026324515584,3453.54761521424,2464.05995475139,5256.68604956077
5981895901447578752,1819.05201002452,893.114951768416,4132.54841337712
5981687952006591104,1110.96459936005,522.303216581731,3582.69249740668
5981439191798499968,1422.6025333166,525.371859244172,3938.00198833745
5981627719376721536,3156.44390226687,1751.58209186021,5587.27027013827
5832804083259457280,3986.4363982903,1874.31013526995,7475.97998224832
5980968596518111744,3719.66943429255,2240.74999112951,6228.05994443803
5983165184550440064,3887.07657477026,3010.42314065291,5294.65685458664
5983294716453225984,2503.90033381891,1621.60795026153,4360.72746262277
5983191259275477632,2987.2549247611,1639.98129973261,5365.36525531877
5933417849687202432,2839.24654261599,1765.74497484556,5016.20387186065
5935026293427806208,911.076466136657,684.016087560939,1355.76800547758
5990341696939357824,3705.64169602994,1959.85541391033,6499.06660753968
5935075122910750464,2715.67698406028,1565.89534446573,4987.29188118632
5935102709480822528,3806.85398048412,2503.55871564301,6055.25351679543
5935315911661760512,1965.14935770377,1423.97020289349,3044.20013188125
5941454725597289728,2048.06856653718,1505.60464810701,3090.64557399156
5941487199875367168,2219.92075194449,1787.9133730442,2900.4198399652
5935229191998211840,2743.33316879867,2517.66875904527,3011.99188773358
5942225624979271808,2963.05017565496,1649.51508186747,5336.38145779749
5942228648692075520,1953.08857915044,1624.63659081331,2437.38788214798
1409735466299315328,1248.34671965687,787.625655893184,2135.04330445427
5941373847066936320,2493.19640340144,1047.39771515416,4986.88098303143
5941958512373482240,1229.41367154234,658.405752270324,3419.91119577455
5941970533996199168,1717.3712216103,817.705435183406,4078.91827092184
5941953324054964096,3565.44309902734,1955.86083286547,6115.34220522202
5943650763889198848,3690.71465557016,2096.76730647849,6237.17622488247
5943646262761882624,3217.17805150242,1795.72350666427,5676.98393461081
5943646262792508800,1390.28121265303,1293.68006141229,1502.12401545837
5943646365844066688,1489.67526720208,480.636535659731,4006.96638091156
5943634301245386368,2851.86557420566,1351.61549451041,5357.32771004364
5943640387242996096,3905.80303856127,2240.14311966336,6499.78922077788
5943638875415226496,3101.88944553026,1590.90873235539,5604.78322395759
5943638806728443904,4088.68149026417,2545.34560040653,6566.77068215384
5941213902506511616,2799.52819695574,1304.61058065279,5310.94401375205
5941213455829789184,1692.28578987929,680.867007612114,4195.54215495563
5943660900019211392,2087.59689795776,1063.30335038778,4442.0628996243
5943661037458253056,1774.03358955595,606.587867790446,4227.07484804425
5941113091010691968,1019.68353351512,762.725834130343,1526.17834126621
5968681214773538560,2675.51800399115,1046.0070167395,5351.81399957696
5943671860780520960,4151.42182746041,2571.3735650465,6666.02216871407
5942858325222211584,995.262107016017,727.281820480168,1560.1380801746
5942853785429185024,3179.41429208779,1977.20988433013,5423.35676571691
5942861177125647104,2223.72807779872,1507.83816429215,3769.47656064047
5942861108406168704,4543.04088939338,3432.12240047985,6329.74504408429
5943031223472319744,2704.97848669943,1213.87502848354,5217.19627588929
5942966970706993664,2381.24363801038,1163.67488543124,4783.37693021545
5943345679443961088,3579.90567699902,1993.74453509226,6127.88286817187
5943347500510122112,2791.00497233837,1661.11608704268,5022.76810619361
5943347539154904576,2563.68011898547,1122.14373173706,5020.15533716398
5943347539154890880,1639.42124794068,682.774976840369,4113.17122226141
5943347539154902016,2214.37578880099,1061.49845366606,4631.20166923606
5943347539154902016,2214.37578880099,1061.49845366606,4631.20166923606
5943347431790647680,2141.0554210326,1013.39903205595,4554.93516766119
5943544622339092608,2508.59735736943,1310.11547809667,4904.83928903104
5941015818611511808,2403.60383717165,969.048432504719,4951.38680335717
5967329429653321728,1934.43699353012,1725.12056352901,2199.59336041446
5967329433955183744,2789.34480566648,1383.8891480064,5252.98666352152
5967329433955124480,1307.50358015497,879.985502498788,2405.0521886977
5967326101060432128,3461.26282732003,2091.53604747514,5845.30940801347
5967326101060465664,3675.05583163048,2147.75462464333,6174.44468706963
5967329468335393280,2854.8263793818,2456.46286256273,3397.03444806856
5967326479017644928,3190.35949778075,1711.40115434328,5678.91072265387
5967326479019438080,2774.93306886284,1281.40968400114,5293.42571192585
5967326479017644928,3190.35949778075,1711.40115434328,5678.91072265387
5967326479017609088,3620.10763971376,2063.32571629985,6147.94032710033
5967329571394179456,1173.68025257172,609.276082692266,3517.9845113358
5967326616456653824,1944.30344960647,1213.44579616295,3770.51698101622
5967326479017539840,2527.34639404101,1124.84070433109,5012.11365802449
5967326513377380480,2374.68045998001,1437.72915466756,4452.36767190467
5967326032361502080,2517.54031221949,1136.50192928385,4990.82754711716
5967326616456678528,1616.98138628423,807.384638661286,3963.88627806947
5967325821880479488,3003.01838742233,1597.60849041075,5481.57556637717
5967334102578265088,1555.68470613375,961.611868969758,3256.11969277047
5940185893476113920,2656.54236480562,1201.42858690419,5194.41247443929
5967973610319540608,2208.11291351674,1027.35797746273,4634.45489857314
5968009786831757056,4617.94510097154,3084.99780474279,7083.49502650204
5969944725430819712,4635.28484609864,2940.3619523904,7304.71315618118
5964998052694327296,1346.92309142107,693.807091811172,3707.65796739639
5964897451664126720,1663.15498113434,710.341544443049,4166.81280008412
5964509221006748160,2879.27531859577,2090.58438850349,4344.29231364439
5963850750976314880,4830.98900610503,3006.367184037,7606.27718793582
5963675516302236288,3049.7577047995,1451.4310488829,5752.68923161366
5963482032309573376,4167.28140025804,2768.72715966776,6671.96344499558
5973119118586588672,1816.95787588776,718.266510132392,4466.20195525804
5973119118586588672,1816.95787588776,718.266510132392,4466.20195525804
5973119114286449920,1020.95307098064,822.32450817122,1342.43813638741
5973119152957854080,3169.47912136125,1545.65527309066,5866.1562000764
5973122829450029952,1539.30686108106,1444.42155565072,1647.2461853555
5973548542296399232,1241.73623512025,846.888083097614,2250.49428939397
5973486763491180160,3385.79122533403,1715.39247992278,6146.9761713001
1340063163954637824,3592.85690241553,3001.05807257732,4408.0950733088
5979180721889888768,4952.34073280611,3284.60465894219,7961.50656280188
5973659318098585984,669.944728787578,393.576857653813,2266.56563904231
5952909437735940480,4829.02937994966,3801.52619932075,6447.54712511775
5975152283083523456,1893.58632681535,999.056185404002,4530.89251206922
5975623904858896256,2819.30018046725,1101.28993881124,6004.01560222456
5976160092880526592,1106.37941928619,1034.54059008021,1188.73057798148
5959530220019384192,3995.07023854575,2045.81844372898,7160.54439326822
4110222335788731520,2538.36370053993,1045.34763147745,6782.53252923878
5975068861936478080,984.571581832139,601.159409661084,2642.2643173333
4054824163970991104,6355.61918941812,3833.90339024589,10358.7505131766
4055373030724310272,5895.0843339779,3273.38489565442,10136.3818792642
4053680401294189568,1618.00670584097,785.475906435916,5403.86750058031
4054936490248426368,897.78224184859,491.135335340037,4618.3370859461
4057115894093300480,2288.7823438335,1110.61125847746,6507.1659090785
4056958797076119680,1767.83848164574,1175.62608099915,3432.39217785529
4055117767933641216,4340.22455447623,1892.92073412572,8570.5382004167
4057535112967096960,1994.21183880098,1089.37657903707,5714.95752027115
4057535147335374976,4651.64541980568,2007.75553688451,9021.73769031682
4056831464190059264,993.734030151859,796.921185307416,1318.57267659402
4057541229000575616,981.656939339858,819.165511187614,1223.55822315732
4060786201360444800,3056.05722535106,1603.06634413677,6855.31245259374
4057486115980588032,3021.73513169825,1429.90677387567,7173.35815652046
4057493988662061696,830.9728920143,794.224826060548,871.219898543685
4057483715100251392,327.03707526199,314.79954581965,340.246435166195
4057482027171043200,4020.08939574167,1983.23277092723,8188.54008505029
4057482027171043200,4020.08939574167,1983.23277092723,8188.54008505029
4057482031473040768,1823.01197753346,1496.12844459651,2326.8871729209
4057482027171043200,4020.08939574167,1983.23277092723,8188.54008505029
4057482031473040768,1823.01197753346,1496.12844459651,2326.8871729209
4057482031473040768,1823.01197753346,1496.12844459651,2326.8871729209
4057482031473040768,1823.01197753346,1496.12844459651,2326.8871729209
4057482031473040768,1823.01197753346,1496.12844459651,2326.8871729209
4057482031473040768,1823.01197753346,1496.12844459651,2326.8871729209
4057482031473040768,1823.01197753346,1496.12844459651,2326.8871729209
4057482031473040768,1823.01197753346,1496.12844459651,2326.8871729209
4057482031473040768,1823.01197753346,1496.12844459651,2326.8871729209
4057482031473040768,1823.01197753346,1496.12844459651,2326.8871729209
4057482031473040768,1823.01197753346,1496.12844459651,2326.8871729209
4057482031473040768,1823.01197753346,1496.12844459651,2326.8871729209
4057482031473040768,1823.01197753346,1496.12844459651,2326.8871729209
4057482031473040768,1823.01197753346,1496.12844459651,2326.8871729209
4057482031473040768,1823.01197753346,1496.12844459651,2326.8871729209
4057482031473040768,1823.01197753346,1496.12844459651,2326.8871729209
4057482031473040768,1823.01197753346,1496.12844459651,2326.8871729209
4057482031473040768,1823.01197753346,1496.12844459651,2326.8871729209
4057482031465462016,260.743043823172,217.263272541383,326.032322192354
4057482031465462016,260.743043823172,217.263272541383,326.032322192354
4057482031473040768,1823.01197753346,1496.12844459651,2326.8871729209
4057482031473040768,1823.01197753346,1496.12844459651,2326.8871729209
4057482031473040768,1823.01197753346,1496.12844459651,2326.8871729209
4057482031465462016,260.743043823172,217.263272541383,326.032322192354
4057482031465462016,260.743043823172,217.263272541383,326.032322192354
4057482031465462016,260.743043823172,217.263272541383,326.032322192354
4057482031465462016,260.743043823172,217.263272541383,326.032322192354
4057482031465462016,260.743043823172,217.263272541383,326.032322192354
4057482031473040768,1823.01197753346,1496.12844459651,2326.8871729209
4057482031465462016,260.743043823172,217.263272541383,326.032322192354
4057482031473040768,1823.01197753346,1496.12844459651,2326.8871729209
4596332098758753536,3007.076477551,2370.99103130442,3983.57723860322
4057482031465462016,260.743043823172,217.263272541383,326.032322192354
4057482031465462016,260.743043823172,217.263272541383,326.032322192354
4057482031473040768,1823.01197753346,1496.12844459651,2326.8871729209
4057482031465462016,260.743043823172,217.263272541383,326.032322192354
4057482198969732736,2120.99980233917,1901.90510925228,2395.7071179794
4060809565995323776,1893.30980975442,0.0,6954.59637861867
4060806228783688832,2263.43590988268,1353.74979028664,5216.3287135267
4060805855135984640,3632.75962516132,1378.3970024695,7697.8516989236
4060805855135984640,3632.75962516132,1378.3970024695,7697.8516989236
4060812138667209728,5562.30966308506,3003.19715493934,9736.5562082321
4060805648977548800,1358.97933046701,715.389948147902,5352.23888261971
4060805648977548800,1358.97933046701,715.389948147902,5352.23888261971
4060806366230304384,4268.07413546037,1791.98819044283,8372.34852820157
4060810940384790272,4055.09926651777,1588.99233408128,8154.83603529894
4060806576713516032,1711.2730596639,983.491916333919,4804.80927438559
4060806572388806400,3743.89005447133,1625.0444274061,7783.44978732248
4060806572382124032,4912.49676661645,2715.99810552319,8890.31933971458
4060806572382124032,4912.49676661645,2715.99810552319,8890.31933971458
4060806576697508352,2674.48935773351,2071.16717663792,3731.67134465874
4060806576713514368,3107.88306165233,2324.2143793296,4578.19144901219
4060806576713514368,3107.88306165233,2324.2143793296,4578.19144901219
4060806576697506304,3979.65009909783,1492.45171722822,8093.71548744491
4060806576697506304,3979.65009909783,1492.45171722822,8093.71548744491
4060806576697504768,5249.59497058789,2660.46759944791,9458.42725822995
4060807019053810944,1355.03441571179,971.048950811915,2226.44618190481
4060806507978001792,453.231630714955,298.875235707952,964.519333524542
4060806507977997696,5523.32752396801,2956.30469025266,9711.42709855642
4057475876779551744,1578.46493663918,888.068223840695,5005.79175227813
4060707792459145344,549.622061706812,537.997531315946,561.750641109424
4060739575185771648,459.370395186928,270.733282849317,6432.99087219607
4596323985561881856,807.770439974318,715.442066481415,926.713982598339
4060738887990137472,3669.35856566523,1488.52635296015,7712.87451243339
4060735069782164992,2149.22064395354,985.719739504767,6386.42188155969
4067795789852788096,2129.55947694055,1264.32861826674,4717.23058670193
4067512807327987072,3783.02376369893,1865.73449871558,7194.17807708163
4070775328917717248,4656.27558042817,2761.12763608519,7729.33330420959
4062358090747057792,5543.54328700519,4088.99375402092,8114.60101386345
4070699325167822336,2246.62294983742,1503.10091284984,3999.78207667052
4070799866087547776,3250.77497224565,1382.89176662076,6318.56086760443
4043909277813184000,5418.28819310826,2833.56680633594,9806.49116938375
4069866410766678272,2780.38292920059,1582.81938814162,5523.83350160798
4070738018534865152,3492.84017817344,1709.40208667058,6489.47366506295
4069968910162968832,3300.68592845834,1480.81324861647,6327.15915197365
4070877003678201856,1765.84734328941,464.447060199268,4685.28621751354
4094979123187322624,2369.00343930893,1092.15477915665,5169.94543730093
4095440638905156736,3308.31784033541,1965.90435244007,5900.54978965083
4095109273582791808,2574.42955158289,844.152369394004,5362.09778679305
4039077546887427328,4340.74628152915,2082.3278946068,8517.9274066909
4095760738524066048,3032.36637139512,1700.96775359936,5667.11549208921
4094112158271760640,3131.23329813364,1451.70513086196,6013.44808782303
4095069283151795456,2579.03464952336,1030.89081077454,5343.90091195878
4095069278843078016,1027.67966283353,964.676108272463,1099.31331573082
4095069278843078016,1027.67966283353,964.676108272463,1099.31331573082
4095069278850070016,3144.38552386478,1406.87713004181,6009.09914846021
4528097296196813952,1758.8346161129,1460.92943955211,2198.87093019987
4095075120003639040,3470.16071757579,1785.04631215381,6296.26929929645
4095895600485537920,2452.54127528807,837.851406263706,5150.51869046915
4095944730625736064,2009.32453600195,1041.26209494017,4557.87957909926
4095705724277582592,2743.05724105034,1291.83238671217,5429.3046031708
4095728126838711424,865.181963557316,828.341198745378,905.386608123783
4097551185828883712,2991.37090653796,1580.9580591347,5622.43390083205
4146210725751020288,1718.19027192277,1067.15078762802,3551.85000426351
4154426688952860288,3064.97941262254,1983.09051046274,5188.76729988051
4098022021615297024,2444.7747920801,1204.6251549592,5074.51271947998
4152770515201516544,2973.10591731417,1762.79792646666,5411.72520576631
4152862466184183040,832.050528474768,791.503466130242,876.893022987316
4153264440746526464,3511.54178501058,1945.85486081866,6195.53832886898
4156088879987400576,1207.39326137991,1110.42186317799,1322.50843662586
4152493133339081984,2775.30311996377,2170.59566397998,3780.75670611416
4154158786074457984,3087.9858823971,1433.30138800675,5826.8162836553
4153376689701191424,1035.1362222547,885.810201614632,1243.5582905605
4159850412327602816,3074.62361204792,1695.82878538047,5561.04622890231
4155871550304727424,2863.81014861562,1239.78663442004,5594.27956736679
4256323551093130624,3318.36811880018,1943.56693942005,5697.04065092972
4156653303088897536,2298.69595264758,1442.97958624342,4306.25175150619
4155852622396281856,4488.18611132109,2908.56979989209,7153.59298442204
4156662752012633472,487.231126024716,264.250110547553,3408.07801645075
4156392340871503488,2963.34043421837,1295.70686752048,5728.93947282741
4286670140740275456,3437.31816932145,1890.37250248121,6325.82674122998
4252931007975721344,2824.71619108235,1229.31051970776,5513.80735152153
4252930973608753920,2768.36157680938,1816.22291350492,4783.01125076905
4252931012264142080,2959.28309201181,1455.47756072868,5629.24582078911
4256178587368806528,2571.40664728042,1220.8975872534,5079.09969901234
4256105989527693440,4265.6463974711,2571.65071963567,6965.84167242034
4256541941591561856,4669.42295934686,2899.40496489013,7400.51870559474
4256537066823095808,2847.25787207222,1361.23487073202,5447.25244610721
4252971522395632768,1008.76526929465,425.539617917211,4199.04621069796
4256088500419544704,2167.30892457159,710.208120451119,4798.57251458051
4155259642081749760,1018.88769937941,553.430241777406,3741.53349505624
4256995838078452480,1666.19270945159,1356.00030581655,2148.99870346106
4256570876811357184,2487.8052421175,1499.79473330622,4691.5224782754
4259508183457463552,3148.73673872308,2166.71884393086,4952.99688298001
4258520036053366784,1041.60553896564,543.356890070112,3337.51956322878
4260223209611599872,1551.20192187223,566.261803078093,3739.36414234217
4256924988262342016,1116.15962355029,603.962251374242,3385.96335152928
4256637496032515584,2669.15446879837,1096.15192420504,5303.95509179856
4258441279208714496,2183.7979258721,1434.94706821902,3880.16849209355
4259546494562221184,4484.04851057558,3176.87027107428,6585.66098865753
4259533953257357056,2818.93751290523,1792.7632461214,4795.7156238616
4259532720626582016,2868.80831219782,1487.78826025167,5181.8247671037
4259540760823620864,2622.98355073233,1211.70236855551,4956.31717298118
4259430019334431616,2428.43962650046,1187.3830775916,4770.02114986185
4258677261894070656,1450.06142256214,784.244986488725,3590.12870004904
4258258725930060928,3707.79308644775,2136.48638742956,6283.20059193546
4260172258412091008,2095.50898945668,1244.43194511758,4001.43839917295
4259860203259460096,2739.98196279657,1324.884424308,5106.49207847572
4259973899644197888,2629.24709453534,1359.6502011805,4842.27786813339
4258708739726994304,1629.77711659912,1192.50426575901,2503.19147350226
4258712759816413056,724.852026434431,692.020296040561,760.891489939688
4260273477903658880,2862.96329650723,1460.41220420158,5141.57740626946
4260304573468164224,1431.95629625343,558.246882448003,3639.82536636458
4266350792207816576,3771.13733281257,2518.36219504245,5822.67411681312
4259137514883984768,3445.14981219155,1942.03851775113,5867.4515228221
4266316844785357568,1791.25097198912,1044.46283646185,3648.41878477891
4259226948995826048,3742.85592236679,2144.59008676637,6240.93491458573
4266057119520573952,1097.15278980285,570.883812531183,3211.47693399586
4259239627728855680,1932.58296778169,769.235177574232,4274.69982032181
4266537159425659008,1643.99284622714,1269.36903828553,2297.19217417689
4266095666860507520,1720.65554274706,1087.88558625616,3306.94024556503
4266466511499861248,1628.86131010402,799.707989870698,3701.14780553596
4266952014602177920,3243.89424639763,2812.1773931139,3819.6334190123
4266300146008549376,3620.60601461964,2120.25749995816,5936.40447274064
4266897863654750720,1530.67303782216,497.34538977343,3661.57142528391
4266263411103249920,2488.79537570222,1192.87481330711,4703.63323195543
4266261834876674816,3153.28661710976,1772.57904504194,5406.01285264366
4266994758119500160,3103.34870032964,1800.50184708515,5223.9637418717
4267051799580151808,1088.36544080881,537.115919369577,3140.33828028341
4267050936290107776,2876.72102545054,1747.1522397913,4890.83504682299
4280880284307440384,2381.17256010228,1220.85749079442,4401.33727558845
4280880249954546176,2604.83982595138,1359.0056820764,4673.46743000716
4265816429591726848,5129.18823930195,4099.695324244,6666.55091519485
4281259684540632576,2421.92850258058,1189.0004605323,4495.9789846585
4281254672310044800,1856.51203367452,751.673066172808,3880.00781297716
4306688266055108480,2774.02383820885,1691.92068097678,4748.46833120531
4260766303938510464,3187.71647517787,1474.86054892763,6322.21568987893
4305834323474854144,2211.09599859528,1729.18903899809,3009.712842303
4306773031531725312,666.889858835105,653.481675638139,680.849449479828
4307367180121252864,3776.01787854991,2556.28060670031,5832.69030291409
4309176976263877888,4530.05342418029,2925.4089176204,6989.25898586869
4309211331708602240,2863.66642750456,1456.47250033619,5238.60976039787
4307599172775217664,642.844325005453,446.665949167479,1143.02595883604
4513494205567536512,6203.00109230939,5080.61533834951,7824.7750802235
4309265830540509312,2127.59672106983,844.474649203094,4463.49245378191
4309265864900247424,3306.84547627291,1888.09672406375,5671.22841419614
4309255969294946944,2657.85374134766,1203.56126310421,5076.62855214867
4312879684767976832,673.312947415017,654.332688865251,693.406120534338
4312977472562103040,2510.19442514405,1080.27130678858,4967.43847863665
4312807426235361664,3193.85930614327,1665.44947437616,5694.86362567548
4319236236367451264,5678.02323581042,3819.37631773369,8420.4780793728
4312968710827045120,1205.90591612333,679.738903014447,3207.5053104524
4319502902284779392,3913.909453853,2354.25666723739,6446.02364223669
4309889833453016064,3691.98460859861,2103.94093784109,6219.44006923424
4319406076548902784,4064.84263347744,2425.43355955227,6647.09745752153
4315954572104614400,3798.88414030005,2185.30072728287,6348.41905726417
4319820214453610624,3374.27186863643,1958.56794283586,5810.38442160935
4319423252107433216,4456.17712018793,2715.38435678676,7098.06113609363
4319179061744936192,2225.80058957568,840.592442860545,4664.66586460692
4319620373924501120,4317.19689119484,2658.15128745,6881.52687675999
4319831724981614208,4724.90653769959,2965.33271968772,7367.49342789078
4322765389497405952,3355.18933894495,2088.57517324798,5621.04610522932
4322565798082824832,752.800318428337,533.066918686165,1273.5381682558
4322817483169888512,9269.24061509031,6976.02584027501,12338.4952635804
4321618083470555264,2706.31610728189,1470.53997384417,5035.36254380768
4515628288919542784,3575.10313545572,2955.99837456521,4481.76023471418
4323004979954775552,4710.74127984937,2981.36792355933,7312.08145698036
4323329443281542528,5130.62729273791,3851.20295401837,7134.2122559489
4323332329499518848,4060.40029543647,3108.18080569381,5604.48949243048
1825418588978011648,6773.42851949345,5532.25414018554,8535.67373823351
2022054350800575488,9251.94074022163,7600.99016575921,11589.9734887348
2028294667765054464,3119.90154489996,2880.55660416106,3401.40133133839
2032145466709678464,5911.18228078902,5022.28486226091,7142.09586632001
1821509378448652416,2925.38344973182,2594.55569967382,3348.44442902255
2030934212864924032,10117.9808646712,7405.84719927361,13809.1996087839
2034210349533480192,7938.09201185731,6596.33921743749,9827.3844808474
2034096172116995712,4276.28899943503,3823.60840522494,4844.250070321
2059076148587289728,1856.14139685877,1747.10746947018,1979.38065146921
2059146654767199872,1756.11849012642,1663.95203597804,1858.86672606156
2058985262750809088,1990.69446962542,1866.81178626386,2131.77743946146
2198726735323427072,5767.77994161209,4772.64532252503,7186.40312309869
2061690233159124352,1945.33950639688,1823.02774028368,2084.83571734134
2060508777869902592,2116.52193768266,1989.19797411004,2260.84314144335
2060661846184974464,2515.03968764853,2260.86797171911,2830.89373440616
2062560122958679936,9237.71478251871,7287.79954941957,11858.3942745675
2061291595788070656,1309.0743391444,1261.01990576186,1360.8605076491
2081261372633822592,1640.52483770414,1566.56822039223,1721.65719909145
2057563358004716928,1938.47989135787,1833.12604453953,2056.37809240468
2057966393428544128,1655.53652786971,1580.79544118757,1737.53499562423
2068434332539101056,1870.93239862257,1598.04138653836,2248.92021428725
2069091531258827648,1784.81082229322,1645.46667177848,1949.1938193094
2064136921403778816,2386.99974060956,2216.80506304691,2584.53726762846
2067824545964503168,1768.57796360109,1617.90131174714,1949.11609147676
2067745076187793024,1461.76063945203,1376.35638215254,1558.18797252747
2067769574681275904,1364.47630233304,1268.00793616297,1476.40381963043
2067867358199590400,1249.04726444925,815.756318097672,2228.94930733297
2064671253991921408,4168.22448917086,2994.47203706981,5787.75767999369
2182307453299864064,12682.236110412,10143.633527091,16145.3088207255
2165537770680635904,5009.4434502442,4511.00704015819,5622.64137340882
1980522738604744704,9853.44447257233,8283.61089177935,11887.6447375065
2006109684163831296,4542.31364668242,3790.69297473151,5604.38990731724
2006219978921880192,4146.4904422105,3695.09807361792,4714.88667713476
2007494038022005248,5584.85697033375,4738.35453218228,6735.39641726837
2006888825592397440,3007.60005484778,2722.72759358481,3355.98028205482
2014674226896884864,4134.81386100187,3739.13442259697,4618.90219723643
2013906561622284288,2574.11223774009,2361.53248108037,2827.22481018551
2012912500041834752,5171.75939358357,4557.00237409557,5958.78114996747
2016055591466060672,1872.75838477906,1558.7662188459,2334.50782593543
